{
	"format_version": "1.8.0",
	"animations": {
		"animation.67.idle": {
			"loop": true,
			"animation_length": 4,
			"bones": {
				"mouth": {
					"rotation": {
						"0.0": [
							0,
							0,
							0
						],
						"2.0": [
							7.5,
							0,
							0
						],
						"4.0": [
							0,
							0,
							0
						]
					}
				},
				"right_wing": {
					"rotation": [
						-9.5318,
						24.66722,
						-13.97954
					]
				},
				"left_wing": {
					"rotation": [
						-5.90651,
						-25.71229,
						13.23997
					]
				},
				"head": {
					"rotation": {
						"0.0": [
							0,
							0,
							0
						],
						"2.0": [
							5,
							0,
							0
						],
						"4.0": [
							0,
							0,
							0
						]
					},
					"position": {
						"0.0": [
							0,
							0,
							0
						],
						"2.0": [
							0,
							-1,
							0
						],
						"4.0": [
							0,
							0,
							0
						]
					}
				},
				"right_arm": {
					"rotation": {
						"0.0": [
							0,
							0,
							0
						],
						"2.0": [
							0,
							0,
							7.5
						],
						"4.0": [
							0,
							0,
							0
						]
					}
				},
				"chest": {
					"rotation": {
						"0.0": [
							0,
							0,
							0
						],
						"2.0": [
							5,
							0,
							0
						],
						"4.0": [
							0,
							0,
							0
						]
					}
				},
				"left_arm": {
					"rotation": {
						"0.0": [
							0,
							0,
							0
						],
						"2.0": [
							0,
							0,
							-7.5
						],
						"4.0": [
							0,
							0,
							0
						]
					}
				},
				"sleeip": {
					"scale": 0
				},
				"sleep": {
					"scale": 0
				}
			}
		},
		"animation.67.walk": {
			"loop": true,
			"animation_length": 1.1667,
			"bones": {
				"right_leg": {
					"rotation": {
						"0.0": [
							-10,
							10,
							0
						],
						"0.3333": [
							0,
							10,
							0
						],
						"0.6667": [
							10,
							10,
							0
						],
						"0.8333": [
							23.0144,
							10,
							0
						],
						"1.0": [
							0,
							10,
							0
						],
						"1.1667": [
							-10,
							10,
							0
						]
					},
					"position": {
						"0.0": [
							0,
							0,
							0
						],
						"0.0833": [
							0,
							-1.75,
							0
						],
						"0.3333": [
							0,
							1,
							0
						],
						"0.6667": [
							0,
							-1,
							0
						],
						"0.8333": [
							0,
							0,
							0.5
						],
						"1.0": [
							0,
							1.5,
							0
						],
						"1.1667": [
							0,
							0,
							0
						]
					}
				},
				"right_arm": {
					"rotation": {
						"0.0": [
							39,
							0,
							0
						],
						"0.5": [
							-12.5,
							0,
							7.5
						],
						"1.1667": [
							39,
							0,
							0
						]
					}
				},
				"chest": {
					"rotation": {
						"0.0": [
							0,
							5,
							0
						],
						"0.3333": [
							0,
							0,
							0
						],
						"0.5833": [
							0,
							-5,
							0
						],
						"1.0": [
							0,
							0,
							0
						],
						"1.1667": [
							0,
							5,
							0
						]
					},
					"position": {
						"0.0": [
							0,
							0,
							0
						],
						"0.0833": [
							0,
							-2.14,
							0
						],
						"0.1667": [
							0,
							0,
							0
						],
						"0.3333": [
							0,
							1,
							0
						],
						"0.5833": [
							0,
							0,
							0
						],
						"0.6667": [
							0,
							-1.14,
							0
						],
						"0.75": [
							0,
							0,
							0
						],
						"1.0": [
							0,
							1,
							0
						],
						"1.1667": [
							0,
							0,
							0
						]
					}
				},
				"left_leg": {
					"rotation": {
						"0.0": [
							10,
							-10,
							0
						],
						"0.1667": [
							23.0144,
							-10,
							0
						],
						"0.3333": [
							0,
							-10,
							0
						],
						"0.4167": [
							-18.0394,
							-10,
							0
						],
						"0.6667": [
							-10,
							-10,
							0
						],
						"1.0": [
							0,
							-10,
							0
						],
						"1.1667": [
							10,
							-10,
							0
						]
					},
					"position": {
						"0.0": [
							0,
							1,
							0
						],
						"0.0833": [
							0.5,
							0,
							0.13
						],
						"0.1667": [
							0,
							1.5,
							0.25
						],
						"0.3333": [
							0,
							2,
							-0.25
						],
						"0.5833": [
							0,
							0.5,
							0.5
						],
						"0.6667": [
							0,
							0,
							0.25
						],
						"1.0": [
							0,
							0,
							0
						],
						"1.1667": [
							0,
							1,
							0
						]
					}
				},
				"bone": {
					"position": {
						"0.0": [
							0,
							0,
							0
						],
						"0.3333": [
							0,
							-1,
							0
						],
						"0.5": [
							0,
							-0.05,
							0
						],
						"0.75": [
							0,
							0.5,
							0
						],
						"1.1667": [
							0,
							0,
							0
						]
					}
				},
				"left_arm": {
					"rotation": {
						"0.0": [
							-12.5,
							0,
							-7.5
						],
						"0.5": [
							39,
							0,
							0
						],
						"1.1667": [
							-12.5,
							0,
							-7.5
						]
					}
				},
				"sleeip": {
					"scale": 0
				},
				"sleep": {
					"scale": 0
				}
			}
		},
		"animation.67.attack": {
			"animation_length": 0.5,
			"bones": {
				"bone19": {
					"scale": 0
				},
				"bone20": {
					"scale": 0
				},
				"raig": {
					"rotation": {
						"0.0": [
							0,
							0,
							0
						],
						"0.5": [
							0,
							-357.5,
							0
						]
					},
					"scale": {
						"0.0": [
							1,
							1,
							1
						],
						"0.25": [
							1.4,
							1.4,
							1.4
						],
						"0.5": [
							1,
							1,
							1
						]
					}
				},
				"right_arm": {
					"rotation": {
						"0.0": [
							0,
							0,
							0
						],
						"0.0833": [
							-160.76589,
							24.47653,
							-45.01082
						],
						"0.1667": [
							-153.77,
							16.67,
							-25.31
						],
						"0.25": [
							-57.86301,
							-0.16799,
							-36.25798
						],
						"0.3333": [
							-57.47963,
							8.28598,
							-30.90343
						],
						"0.5": [
							0,
							0,
							0
						]
					},
					"position": {
						"0.0": [
							0,
							0,
							0
						],
						"0.0833": [
							0,
							-2.1,
							0
						],
						"0.1667": [
							-1,
							-2.1,
							0
						],
						"0.25": [
							-1.9,
							-0.6,
							0.5
						],
						"0.3333": [
							-1.9,
							-0.6,
							0.5
						],
						"0.5": [
							0,
							0,
							0
						]
					}
				},
				"chest": {
					"rotation": {
						"0.0": [
							0,
							0,
							0
						],
						"0.125": [
							-7.5,
							5,
							0
						],
						"0.1667": [
							-7.5,
							5,
							0
						],
						"0.25": [
							22.4657,
							-7.39341,
							1.63246
						],
						"0.2917": [
							19.9657,
							-7.39341,
							1.63246
						],
						"0.3333": [
							19.97,
							-7.39,
							1.63
						],
						"0.5": [
							0,
							0,
							0
						]
					},
					"position": {
						"0.0": [
							0,
							0,
							0
						],
						"0.1667": [
							0,
							0,
							0
						],
						"0.3333": [
							0,
							0,
							0
						],
						"0.5": [
							0,
							0,
							0
						]
					}
				},
				"sleeip": {
					"scale": 0
				},
				"sleep": {
					"scale": 0
				}
			}
		},
		"animation.67.sleep": {
			"loop": true,
			"animation_length": 4,
			"bones": {
				"mouth": {
					"rotation": {
						"0.0": [
							0,
							0,
							0
						],
						"2.0": [
							7.5,
							0,
							0
						],
						"4.0": [
							0,
							0,
							0
						]
					}
				},
				"right_wing": {
					"rotation": [
						-9.5318,
						24.66722,
						-13.97954
					]
				},
				"left_wing": {
					"rotation": [
						-5.90651,
						-25.71229,
						13.23997
					]
				},
				"head": {
					"rotation": {
						"0.0": [
							0,
							0,
							0
						],
						"2.0": [
							5,
							0,
							0
						],