{
	"format_version": "1.8.0",
	"animations": {
		"animation.brbr_patapim.idle": {
			"loop": true,
			"animation_length": 2,
			"bones": {
				"eye_r2": {
					"position": {
						"0.0": [
							0,
							0,
							0
						],
						"0.6": [
							0.5,
							0,
							0
						],
						"0.9": [
							0.5,
							0,
							0
						],
						"1.2": [
							0,
							0,
							0
						],
						"2.0": [
							0,
							0,
							0
						]
					}
				},
				"eye_r": {
					"position": {
						"0.0": [
							0,
							0,
							0
						],
						"0.6": [
							0.35,
							0,
							0
						],
						"0.9": [
							0.35,
							0,
							0
						],
						"1.2": [
							0,
							0,
							0
						],
						"2.0": [
							0,
							0,
							0
						]
					}
				},
				"right_arm": {
					"rotation": {
						"0.0": [
							0,
							0,
							0
						],
						"1.0": [
							-7.5,
							0,
							0
						],
						"2.0": [
							0,
							0,
							0
						]
					}
				},
				"left_arm": {
					"rotation": {
						"0.0": [
							0,
							0,
							0
						],
						"1.0": [
							-7.5,
							0,
							0
						],
						"2.0": [
							0,
							0,
							0
						]
					}
				},
				"chest": {
					"rotation": {
						"0.0": [
							0,
							0,
							0
						],
						"1.0": [
							2.5,
							0,
							0
						],
						"2.0": [
							0,
							0,
							0
						]
					}
				}
			}
		},
		"animation.brbr_patapim.walk": {
			"loop": true,
			"animation_length": 1,
			"bones": {
				"head": {
					"rotation": {
						"0.0": [
							0,
							0,
							0
						],
						"1.0": [
							0,
							0,
							0
						]
					}
				},
				"right_arm": {
					"rotation": {
						"0.0": [
							-44.92287,
							1.91134,
							4.62111
						],
						"0.5": [
							44.29026,
							-8.65289,
							6.06152
						],
						"1.0": [
							-44.92287,
							1.91134,
							4.62111
						]
					},
					"position": {
						"0.0": [
							0.3,
							-0.8,
							0.7
						],
						"0.5": [
							0.3,
							1.2,
							0.1
						],
						"1.0": [
							0.3,
							-0.8,
							0.7
						]
					}
				},
				"left_arm": {
					"rotation": {
						"0.0": [
							44.92287,
							1.91134,
							-4.62111
						],
						"0.5": [
							-44.85441,
							-3.38544,
							-0.69104
						],
						"1.0": [
							44.92287,
							1.91134,
							-4.62111
						]
					},
					"position": {
						"0.0": [
							-0.3,
							0.2,
							0.5
						],
						"0.5": [
							-0.2,
							1.2,
							-0.6
						],
						"1.0": [
							-0.3,
							0.2,
							0.5
						]
					}
				},
				"left_leg": {
					"rotation": {
						"0.0": [
							-27.5,
							0,
							0
						],
						"0.5": [
							35,
							0,
							0
						],
						"1.0": [
							-27.5,
							0,
							0
						]
					},
					"position": {
						"0.0": [
							0,
							0.1,
							0
						],
						"0.25": [
							0,
							0,
							0
						],
						"0.5": [
							0,
							1,
							0
						],
						"0.75": [
							0,
							0,
							0
						],
						"1.0": [
							0,
							0.1,
							0
						]
					}
				},
				"root": {
					"position": {
						"0.0": [
							0,
							-0.8,
							0
						],
						"0.25": [
							0,
							0.1,
							0
						],
						"0.5": [
							0,
							-1,
							0
						],
						"0.75": [
							0,
							0.1,
							0
						],
						"1.0": [
							0,
							-0.8,
							0
						]
					}
				},
				"chest": {
					"rotation": {
						"0.0": [
							5,
							0,
							2.5
						],
						"0.25": [
							-1.25,
							0,
							0
						],
						"0.5": [
							7.5,
							0,
							-2.5
						],
						"0.75": [
							-1.25,
							0,
							0
						],
						"1.0": [
							5,
							0,
							2.5
						]
					}
				},
				"left_foot": {
					"rotation": {
						"0.0": [
							0,
							0,
							0
						],
						"0.25": [
							0,
							0,
							0
						],
						"0.5": [
							-12.5,
							0,
							0
						],
						"0.75": [
							0,
							0,
							0
						],
						"1.0": [
							0,
							0,
							0
						]
					}
				},
				"right_leg": {
					"rotation": {
						"0.0": [
							35,
							0,
							0
						],
						"0.5": [
							-27.5,
							0,
							0
						],
						"1.0": [
							35,
							0,
							0
						]
					},
					"position": {
						"0.0": [
							0,
							1,
							0
						],
						"0.25": [
							0,
							0.1,
							0
						],
						"0.5": [
							0,
							0.1,
							0
						],
						"0.75": [
							0,
							0.1,
							0
						],
						"1.0": [
							0,
							1,
							0
						]
					}
				},
				"noise": {
					"rotation": {
						"0.0": [
							0,
							0,
							-10
						],
						"0.25": [
							0,
							0,
							0
						],
						"0.5": [
							0,
							0,
							10
						],
						"0.75": [
							0,
							0,
							0
						],
						"1.0": [
							0,
							0,
							-10
						]
					}
				},
				"left_foot_leg": {
					"rotation": {
						"0.0": [
							12.5,
							0,
							0
						],
						"0.25": [
							0,
							0,
							0
						],
						"0.5": [
							20,
							0,
							0
						],
						"0.75": [
							0,
							0,
							0
						],
						"1.0": [
							12.5,
							0,
							0
						]
					},
					"position": {
						"0.0": [
							0,
							0.6,
							0.3
						],
						"0.5": [
							0,
							1.7,
							0
						],
						"1.0": [
							0,
							0.6,
							0.3
						]
					}
				},
				"right_foot_leg": {
					"rotation": {
						"0.0": [
							12.5,
							0,
							0
						],
						"0.25": [
							0,
							0,
							0
						],
						"0.5": [
							17.5,
							0,
							0
						],
						"0.75": [
							0,
							0,
							0
						],
						"1.0": [
							12.5,
							0,
							0
						]
					},
					"position": {
						"0.0": [
							0,
							1,
							0
						],
						"1.0": [
							0,
							1,
							0
						]
					}
				},
				"right_foot": {
					"rotation": {
						"0.0": [
							-7.5,
							0,
							0
						],
						"0.25": [
							0,
							0,
							0
						],
						"0.5": [
							-5,
							0,
							0
						],
						"0.75": [
							0,
							0,
							0
						],
						"1.0": [
							-7.5,
							0,
							0
						]
					}
				}
			}
		},
		"animation.brbr_patapim.attack": {
			"animation_length": 0.4,
			"bones": {
				"right_arm": {
					"rotation": {
						"0.0": [
							-52.07555,
							7.9185,
							6.12673
						],
						"0.1": [
							-45.95539,
							28.87909,
							25.03818
						],
						"0.2": [
							0,
							0,
							0
						],
						"0.4": [
							-52.07555,
							7.9185,
							6.12673
						]
					}
				},
				"left_arm": {
					"rotation": {
						"0.0": [
							-52.07555,
							-7.9185,
							-6.12673
						],
						"0.1": [
							-45.95539,
							-28.87909,
							-25.03818
						],
						"0.2": [
							0,
							0,
							0
						],
						"0.4": [
							-52.07555,
							-7.9185,
							-6.12673
						]
					}
				},
				"chest": {
					"rotation": {
						"0.0": [
							0,
							0,
							0
						],
						"0.1": [
							47.5,
							0,
							0
						],
						"0.2": [
							-15,
							0,
							0
						],
						"0.4": [
							0,
							0,
							0
						]
					},
					"position": {
						"0.0": [
							0,
							0,
							0
						],
						"0.1": [
							0,
							2,
							0
						],
						"0.4": [
							0,
							0,
							0
						]
					}
				},
				"root": {
					"rotation": {
						"0.0": [
							-22.5,
							0,
							0
						],
						"0.1": [
							0,
							0,
							0
						],
						"0.2": [
							0,
							0,
							0
						],
						"0.4": [
							-22.5,
							0,
							0
						]
					},
					"position": {
						"0.0": [
							0,
							-24,
							-16
						],
						"0.1": [
							0,
							0,
							0
						],
						"0.2": [
							0,
							0,
							0
						],
						"0.4": [
							0,
							-24,
							-16
						]
					}
				},