{
	"format_version": "1.8.0",
	"animations": {
		"animation.bulbito_bandito_tractorito.idle": {
			"loop": true,
			"animation_length": 4,
			"bones": {
				"mouth": {
					"rotation": {
						"0.0": [
							0,
							0,
							0
						],
						"2.0": [
							7.5,
							0,
							0
						],
						"4.0": [
							0,
							0,
							0
						]
					}
				},
				"right_wing": {
					"rotation": [
						-9.5318,
						24.66722,
						-13.97954
					]
				},
				"left_wing": {
					"rotation": [
						-5.90651,
						-25.71229,
						13.23997
					]
				},
				"head": {
					"rotation": {
						"0.0": [
							0,
							0,
							0
						],
						"2.0": [
							5,
							0,
							0
						],
						"4.0": [
							0,
							0,
							0
						]
					},
					"position": {
						"0.0": [
							0,
							0,
							0
						],
						"2.0": [
							0,
							-1,
							0
						],
						"4.0": [
							0,
							0,
							0
						]
					}
				},
				"car": {
					"scale": {
						"0.0": [
							1,
							1,
							1
						],
						"1.0": [
							1.05,
							1.05,
							1.05
						],
						"2.0": [
							1,
							1,
							1
						],
						"3.0": [
							1.05,
							1.05,
							1.05
						],
						"4.0": [
							1,
							1,
							1
						]
					}
				},
				"left_arm": {
					"rotation": {
						"0.0": [
							-5,
							15,
							0
						],
						"2.0": [
							-28.00409,
							14.47751,
							-11.46713
						],
						"4.0": [
							-5,
							15,
							0
						]
					}
				},
				"body": {
					"rotation": {
						"0.0": [
							0,
							0,
							0
						],
						"2.0": [
							-10,
							0,
							0
						],
						"4.0": [
							0,
							0,
							0
						]
					},
					"position": {
						"0.0": [
							0,
							0,
							0
						],
						"2.0": [
							0,
							0,
							0.9
						],
						"4.0": [
							0,
							0,
							0
						]
					}
				},
				"motor": {
					"scale": {
						"0.0": [
							1,
							1,
							1
						],
						"0.3": [
							1.1,
							1.1,
							1.1
						],
						"0.5": [
							1,
							1,
							1
						],
						"0.8": [
							1.1,
							1.1,
							1.1
						],
						"1.0": [
							1,
							1,
							1
						],
						"1.3": [
							1.1,
							1.1,
							1.1
						],
						"1.5": [
							1,
							1,
							1
						],
						"1.8": [
							1.1,
							1.1,
							1.1
						],
						"2.0": [
							1,
							1,
							1
						],
						"2.3": [
							1.1,
							1.1,
							1.1
						],
						"2.5": [
							1,
							1,
							1
						],
						"2.8": [
							1.1,
							1.1,
							1.1
						],
						"3.0": [
							1,
							1,
							1
						],
						"3.3": [
							1.1,
							1.1,
							1.1
						],
						"3.5": [
							1,
							1,
							1
						],
						"3.8": [
							1.1,
							1.1,
							1.1
						],
						"4.0": [
							1,
							1,
							1
						]
					}
				},
				"right_arm": {
					"rotation": {
						"0.0": [
							-5,
							-15,
							0
						],
						"2.0": [
							-28.00409,
							-14.47751,
							11.46713
						],
						"4.0": [
							-5,
							-15,
							0
						]
					}
				},
				"chest": {
					"rotation": {
						"0.0": [
							0,
							0,
							0
						],
						"2.0": [
							17.5,
							0,
							0
						],
						"4.0": [
							0,
							0,
							0
						]
					}
				}
			}
		},
		"animation.bulbito_bandito_tractorito.walk": {
			"loop": true,
			"animation_length": 1.1667,
			"bones": {
				"road_left": {
					"rotation": {
						"0.0": [
							0,
							0,
							0
						],
						"1.1667": [
							-360,
							0,
							0
						]
					}
				},
				"road_small_left": {
					"rotation": {
						"0.0": [
							0,
							0,
							0
						],
						"1.1667": [
							-360,
							0,
							0
						]
					}
				},
				"left_arm": {
					"rotation": {
						"0.0": [
							-7.21902,
							12.56159,
							1.00014
						],
						"0.5833": [
							-20.6469,
							14.0761,
							-5.23619
						],
						"1.1667": [
							-7.21902,
							12.56159,
							1.00014
						]
					}
				},
				"bone": {
					"position": {
						"0.0": [
							0,
							0,
							0
						],
						"0.3333": [
							0,
							-1,
							-1
						],
						"0.5": [
							0,
							-0.05,
							2
						],
						"0.75": [
							0,
							0.5,
							0
						],
						"1.1667": [
							0,
							0,
							0
						]
					}
				},
				"road_right": {
					"rotation": {
						"0.0": [
							0,
							0,
							0
						],
						"1.1667": [
							-360,
							0,
							0
						]
					}
				},
				"road_small_right": {
					"rotation": {
						"0.0": [
							0,
							0,
							0
						],
						"1.1667": [
							-360,
							0,
							0
						]
					}
				},
				"right_arm": {
					"rotation": {
						"0.0": [
							-7.5,
							-20,
							0
						],
						"0.5833": [
							-21.88023,
							-23.39896,
							9.06159
						],
						"1.1667": [
							-7.5,
							-20,
							0
						]
					}
				},
				"chest": {
					"rotation": {
						"0.0": [
							0,
							5,
							0
						],
						"0.5833": [
							10,
							5,
							0
						],
						"1.1667": [
							0,
							5,
							0
						]
					},
					"position": {
						"0.0": [
							0,
							0,
							0
						],
						"1.1667": [
							0,
							0,
							0
						]
					}
				}
			}
		},
		"animation.bulbito_bandito_tractorito.walk2": {
			"animation_length": 0.3333,
			"bones": {
				"road_left": {
					"rotation": {
						"0.0": [
							0,
							0,
							0
						],
						"0.0833": [
							0,
							0,
							0
						],
						"0.3333": [
							-360,
							0,
							0
						]
					}
				},
				"road_small_left": {
					"rotation": {
						"0.0": [
							0,
							0,
							0
						],
						"0.0833": [
							0,
							0,
							0
						],
						"0.3333": [
							-360,
							0,
							0
						]
					}
				},
				"left_arm": {
					"rotation": {
						"0.0": [
							-7.21902,
							12.56159,
							1.00014
						],
						"0.0833": [
							-7.21902,
							12.56159,
							1.00014
						],
						"0.25": [
							-113.36297,
							19.00354,
							15.08896
						],
						"0.3333": [
							-7.21902,
							12.56159,
							1.00014
						]
					}
				},
				"bone": {
					"rotation": {
						"0.0": [
							0,
							0,
							0
						],
						"0.0833": [
							0,
							0,
							0
						],
						"0.25": [
							-20,
							0,
							0
						],
						"0.3333": [
							0,
							0,
							0
						]
					},
					"position": {
						"0.0": [
							0,
							0,
							0
						],
						"0.0833": [
							0,
							0,
							13
						],
						"0.25": [
							0,
							6,
							-17
						],
						"0.3333": [
							0,
							0,
							0
						]
					}
				},
				"road_right": {
					"rotation": {
						"0.0": [
							0,
							0,
							0
						],
						"0.0833": [
							0,
							0,
							0
						],
						"0.3333": [
							-360,
							0,
							0
						]
					}
				},
				"road_small_right": {
					"rotation": {
						"0.0": [
							0,
							0,
							0
						],
						"0.0833": [
							0,
							0,
							0
						],
						"0.3333": [
							-360,
							0,
							0
						]
					}
				},
				"right_arm": {
					"rotation": {
						"0.0": [
							-7.5,
							-20,
							0
						],
						"0.0833": [
							-7.5,
							-20,
							0
						],
						"0.25": [
							-111.63462,
							-26.27424,
							-14.83442
						],
						"0.3333": [
							-7.5,
							-20,
							0
						]
					}
				},
				"chest": {
					"rotation": {
						"0.0": [
							0,
							5,
							0
						],
						"0.0833": [
							0,
							5,
							0
						],
						"0.25": [
							-17.5,
							5,
							0
						],
						"0.3333": [
							0,
							5,
							0
						]
					},
					"position": {
						"0.0": [
							0,
							0,
							0
						],
						"0.0833": [
							0,
							0,
							0
						],
						"0.3333": [
							0,
							0,
							0
						]
					}
				}
			}
		}
	}
}