{
	"format_version": "1.8.0",
	"animations": {
		"animation.capuchino_assasino.idle": {
			"loop": true,
			"animation_length": 2,
			"bones": {
				"chest": {
					"rotation": {
						"0.0": [
							0,
							0,
							0
						],
						"1.0": [
							2.5,
							0,
							0
						],
						"2.0": [
							0,
							0,
							0
						]
					}
				},
				"right_arm": {
					"rotation": {
						"0.0": [
							0,
							0,
							0
						],
						"1.0": [
							-7.5,
							0,
							0
						],
						"2.0": [
							0,
							0,
							0
						]
					}
				},
				"left_arm": {
					"rotation": {
						"0.0": [
							0,
							0,
							0
						],
						"1.0": [
							-7.5,
							0,
							0
						],
						"2.0": [
							0,
							0,
							0
						]
					}
				}
			}
		},
		"animation.capuchino_assasino.walk": {
			"loop": true,
			"animation_length": 1,
			"bones": {
				"chest": {
					"rotation": {
						"0.0": [
							5,
							0,
							2.5
						],
						"0.25": [
							-1.25,
							0,
							0
						],
						"0.5": [
							7.5,
							0,
							-2.5
						],
						"0.75": [
							-1.25,
							0,
							0
						],
						"1.0": [
							5,
							0,
							2.5
						]
					}
				},
				"head": {
					"rotation": {
						"0.0": [
							0,
							0,
							0
						],
						"1.0": [
							0,
							0,
							0
						]
					}
				},
				"right_arm": {
					"rotation": {
						"0.0": [
							-44.92287,
							1.91134,
							4.62111
						],
						"0.5": [
							44.29026,
							-8.65289,
							6.06152
						],
						"1.0": [
							-44.92287,
							1.91134,
							4.62111
						]
					},
					"position": {
						"0.0": [
							0.3,
							-0.8,
							0.7
						],
						"0.5": [
							0.3,
							-0.8,
							-1.9
						],
						"1.0": [
							0.3,
							-0.8,
							0.7
						]
					}
				},
				"left_arm": {
					"rotation": {
						"0.0": [
							44.92287,
							1.91134,
							-4.62111
						],
						"0.5": [
							-44.85441,
							-3.38544,
							-0.69104
						],
						"1.0": [
							44.92287,
							1.91134,
							-4.62111
						]
					},
					"position": {
						"0.0": [
							-0.3,
							-0.8,
							-1.5
						],
						"0.5": [
							-0.2,
							-0.8,
							1.4
						],
						"1.0": [
							-0.3,
							-0.8,
							-1.5
						]
					}
				},
				"left_leg": {
					"rotation": {
						"0.0": [
							-27.5,
							0,
							0
						],
						"0.5": [
							22.5,
							0,
							0
						],
						"1.0": [
							-27.5,
							0,
							0
						]
					},
					"position": {
						"0.0": [
							0,
							0.1,
							0
						],
						"0.25": [
							0,
							1.4,
							0
						],
						"0.5": [
							0,
							0,
							0
						],
						"0.75": [
							0,
							0.4,
							0
						],
						"1.0": [
							0,
							0.1,
							0
						]
					}
				},
				"right_leg": {
					"rotation": {
						"0.0": [
							45,
							0,
							0
						],
						"0.5": [
							-45,
							0,
							0
						],
						"0.75": [
							7.5,
							0,
							0
						],
						"1.0": [
							45,
							0,
							0
						]
					},
					"position": {
						"0.0": [
							0,
							0,
							0
						],
						"0.25": [
							0,
							0,
							0
						],
						"0.5": [
							0,
							-0.9,
							0
						],
						"0.75": [
							0,
							1.8,
							0
						],
						"1.0": [
							0,
							0,
							0
						]
					}
				}
			}
		},
		"animation.capuchino_assasino.attack": {
			"animation_length": 0.4167,
			"bones": {
				"chest": {
					"rotation": {
						"0.0": [
							0,
							0,
							0
						],
						"0.0833": [
							-17.5,
							0,
							0
						],
						"0.25": [
							25,
							0,
							0
						],
						"0.4167": [
							0,
							0,
							0
						]
					}
				},
				"right_arm": {
					"rotation": {
						"0.0": [
							0,
							0,
							0
						],
						"0.0833": [
							-114.24769,
							77.44066,
							-35.75231
						],
						"0.25": [
							-59.59036,
							-15.39671,
							45.38965
						],
						"0.4167": [
							0,
							0,
							0
						]
					},
					"position": {
						"0.0": [
							0,
							0,
							0
						],
						"0.0833": [
							0,
							-1,
							1
						],
						"0.25": [
							0,
							-1,
							0
						],
						"0.4167": [
							0,
							0,
							0
						]
					}
				},
				"left_arm": {
					"rotation": {
						"0.0": [
							0,
							0,
							0
						],
						"0.0833": [
							-114.24769,
							-77.44066,
							35.75231
						],
						"0.25": [
							-59.59036,
							15.39671,
							-45.38965
						],
						"0.4167": [
							0,
							0,
							0
						]
					},
					"position": {
						"0.0": [
							0,
							0,
							0
						],
						"0.0833": [
							0,
							-1,
							1
						],
						"0.25": [
							0,
							-1,
							0
						],
						"0.4167": [
							0,
							0,
							0
						]
					}
				},
				"right_leg": {
					"position": {
						"0.0": [
							0,
							0,
							0
						],
						"0.0833": [
							0,
							1,
							0
						],
						"0.25": [
							0,
							0,
							0
						],
						"0.4167": [
							0,
							0,
							0
						]
					}
				},
				"left_leg": {
					"position": {
						"0.0": [
							0,
							0,
							0
						],
						"0.0833": [
							0,
							1,
							0
						],
						"0.25": [
							0,
							0,
							0
						],
						"0.4167": [
							0,
							0,
							0
						]
					}
				},
				"bone": {
					"rotation": {
						"0.0": [
							0,
							0,
							0
						],
						"0.25": [
							7.5,
							0,
							0
						],
						"0.4167": [
							0,
							0,
							0
						]
					},
					"position": {
						"0.0": [
							0,
							0,
							0
						],
						"0.0833": [
							0,
							1,
							0
						],
						"0.4167": [
							0,
							0,
							0
						]
					}
				}
			}
		}
	}
}