{
	"format_version": "1.8.0",
	"animations": {
		"animation.chef_crabracadabra.idle": {
			"loop": true,
			"animation_length": 4,
			"bones": {
				"bone19": {
					"scale": 0
				},
				"bone20": {
					"scale": 0
				},
				"raig": {
					"rotation": {
						"0.0": [
							0,
							0,
							0
						],
						"1.0": [
							0,
							-357.5,
							0
						],
						"2.0": [
							0,
							-717.5,
							0
						],
						"3.0": [
							0,
							-1075,
							0
						],
						"4.0": [
							0,
							-1435,
							0
						]
					},
					"scale": {
						"0.0": [
							1,
							1,
							1
						],
						"0.5": [
							1.4,
							1.4,
							1.4
						],
						"1.0": [
							1,
							1,
							1
						],
						"1.5": [
							1.4,
							1.4,
							1.4
						],
						"2.0": [
							1,
							1,
							1
						],
						"2.5": [
							1.4,
							1.4,
							1.4
						],
						"3.0": [
							1,
							1,
							1
						],
						"3.5": [
							1.4,
							1.4,
							1.4
						],
						"4.0": [
							1,
							1,
							1
						]
					}
				},
				"right_arm": {
					"rotation": {
						"0.0": [
							0,
							0,
							0
						],
						"2.0": [
							0,
							0,
							7.5
						],
						"4.0": [
							0,
							0,
							0
						]
					}
				},
				"left_arm": {
					"rotation": {
						"0.0": [
							0,
							0,
							0
						],
						"2.0": [
							0,
							0,
							-7.5
						],
						"4.0": [
							0,
							0,
							0
						]
					}
				},
				"chest": {
					"position": {
						"0.0": [
							0,
							-0.6,
							0
						],
						"1.0": [
							0,
							0.1,
							0
						],
						"2.0": [
							0,
							-0.6,
							0
						],
						"3.0": [
							0,
							-1,
							0
						],
						"4.0": [
							0,
							-0.6,
							0
						]
					}
				}
			}
		},
		"animation.chef_crabracadabra.attack": {
			"animation_length": 0.5,
			"bones": {
				"right_arm": {
					"rotation": {
						"0.0": [
							0,
							0,
							0
						],
						"0.1667": [
							-157.5,
							0,
							0
						],
						"0.2917": [
							-95.6366,
							-12.97186,
							20.95923
						],
						"0.4167": [
							-38.14268,
							-23.5943,
							62.25638
						],
						"0.5": [
							0,
							0,
							0
						]
					}
				},
				"left_arm": {
					"rotation": {
						"0.0": [
							0,
							0,
							0
						],
						"0.1667": [
							-155,
							0,
							0
						],
						"0.2917": [
							-93.64257,
							12.60967,
							-19.72621
						],
						"0.4167": [
							-36.60156,
							23.56893,
							-59.84746
						],
						"0.5": [
							0,
							0,
							0
						]
					}
				},
				"chest": {
					"rotation": {
						"0.0": [
							0,
							0,
							0
						],
						"0.1667": [
							-17.5,
							0,
							0
						],
						"0.4167": [
							27.5,
							0,
							0
						],
						"0.5": [
							0,
							0,
							0
						]
					},
					"position": {
						"0.0": [
							0,
							0,
							0
						],
						"0.1667": [
							0,
							-1.28,
							0
						],
						"0.4167": [
							0,
							-1.2,
							0
						],
						"0.5": [
							0,
							0,
							0
						]
					}
				},
				"head": {
					"rotation": {
						"0.0": [
							0,
							0,
							0
						],
						"0.4167": [
							-25,
							0,
							0
						],
						"0.5": [
							0,
							0,
							0
						]
					}
				}
			}
		},
		"animation.chef_crabracadabra.walk": {
			"loop": true,
			"animation_length": 1.1667,
			"bones": {
				"bone": {
					"position": {
						"0.0": [
							0,
							0,
							0
						],
						"0.3333": [
							0,
							-1,
							0
						],
						"0.5": [
							0,
							-0.05,
							0
						],
						"0.75": [
							0,
							0.5,
							0
						],
						"1.1667": [
							0,
							0,
							0
						]
					}
				},
				"left_leg": {
					"rotation": {
						"0.0": [
							10,
							-10,
							0
						],
						"0.1667": [
							23.0144,
							-10,
							0
						],
						"0.3333": [
							0,
							-10,
							0
						],
						"0.4167": [
							-18.0394,
							-10,
							0
						],
						"0.6667": [
							-10,
							-10,
							0
						],
						"1.0": [
							0,
							-10,
							0
						],
						"1.1667": [
							10,
							-10,
							0
						]
					},
					"position": {
						"0.0": [
							0,
							1,
							0
						],
						"0.0833": [
							0.5,
							0,
							0.13
						],
						"0.1667": [
							0,
							1.5,
							0.25
						],
						"0.3333": [
							0,
							2,
							-0.25
						],
						"0.5833": [
							0,
							0.5,
							0.5
						],
						"0.6667": [
							0,
							0,
							0.25
						],
						"1.0": [
							0,
							0,
							0
						],
						"1.1667": [
							0,
							1,
							0
						]
					}
				},
				"right_leg": {
					"rotation": {
						"0.0": [
							-10,
							10,
							0
						],
						"0.3333": [
							0,
							10,
							0
						],
						"0.6667": [
							10,
							10,
							0
						],
						"0.8333": [
							23.0144,
							10,
							0
						],
						"1.0": [
							0,
							10,
							0
						],
						"1.1667": [
							-10,
							10,
							0
						]
					},
					"position": {
						"0.0": [
							0,
							0,
							0
						],
						"0.0833": [
							0,
							-1.75,
							0
						],
						"0.3333": [
							0,
							1,
							0
						],
						"0.6667": [
							0,
							-1,
							0
						],
						"0.8333": [
							0,
							0,
							0.5
						],
						"1.0": [
							0,
							1.5,
							0
						],
						"1.1667": [
							0,
							0,
							0
						]
					}
				},
				"chest": {
					"rotation": {
						"0.0": [
							0,
							5,
							0
						],
						"0.3333": [
							0,
							0,
							0
						],
						"0.5833": [
							0,
							-5,
							0
						],
						"1.0": [
							0,
							0,
							0
						],
						"1.1667": [
							0,
							5,
							0
						]
					},
					"position": {
						"0.0": [
							0,
							0,
							0
						],
						"0.0833": [
							0,
							-2.14,
							0
						],
						"0.1667": [
							0,
							0,
							0
						],
						"0.3333": [
							0,
							1,
							0
						],
						"0.5833": [
							0,
							0,
							0
						],
						"0.6667": [
							0,
							-1.14,
							0
						],
						"0.75": [
							0,
							0,
							0
						],
						"1.0": [
							0,
							1,
							0
						],
						"1.1667": [
							0,
							0,
							0
						]
					}
				},
				"left_arm": {
					"rotation": {
						"0.0": [
							-27.5,
							0,
							-7.5
						],
						"0.5": [
							41.23469,
							-17.30156,
							-14.61033
						],
						"1.1667": [
							-27.5,
							0,
							-7.5
						]
					}
				},
				"right_arm": {
					"rotation": {
						"0.0": [
							28.88488,
							-1.80954,
							7.27964
						],
						"0.5": [
							-39.81594,
							2.15393,
							17.26758
						],
						"1.1667": [
							28.88488,
							-1.80954,
							7.27964
						]
					}
				}
			}
		}
	}
}