{
	"format_version": "1.8.0",
	"animations": {
		"animation.ganganzelli.attack": {
			"animation_length": 0.5,
			"bones": {
				"chest": {
					"rotation": {
						"0.0": [
							0,
							0,
							0
						],
						"0.1667": [
							-17.5,
							0,
							0
						],
						"0.4167": [
							45,
							0,
							0
						],
						"0.5": [
							0,
							0,
							0
						]
					},
					"position": {
						"0.0": [
							0,
							0,
							0
						],
						"0.1667": [
							0,
							-1.6,
							1.8
						],
						"0.4167": [
							0,
							-3,
							4
						],
						"0.5": [
							0,
							0,
							0
						]
					}
				},
				"left_arm": {
					"rotation": {
						"0.0": [
							0,
							0,
							0
						],
						"0.1667": [
							-157.52904,
							-11.2531,
							25.25766
						],
						"0.4167": [
							-67.17767,
							6.11538,
							13.70054
						],
						"0.5": [
							0,
							0,
							0
						]
					},
					"position": {
						"0.0": [
							0,
							0,
							0
						],
						"0.1667": [
							-2,
							0,
							0
						],
						"0.5": [
							0,
							0,
							0
						]
					}
				},
				"right_arm": {
					"rotation": {
						"0.0": [
							0,
							0,
							0
						],
						"0.1667": [
							-159.05898,
							8.42106,
							-20.94102
						],
						"0.4167": [
							-60.73353,
							-7.82024,
							-13.50163
						],
						"0.5": [
							0,
							0,
							0
						]
					}
				},
				"left_leg": {
					"rotation": {
						"0.0": [
							0,
							0,
							0
						],
						"0.1667": [
							-10,
							0,
							0
						],
						"0.4167": [
							-20,
							0,
							0
						],
						"0.5": [
							0,
							0,
							0
						]
					},
					"position": {
						"0.0": [
							0,
							0,
							0
						],
						"0.1667": [
							0,
							0.6,
							1.2
						],
						"0.4167": [
							0,
							0.9,
							3
						],
						"0.5": [
							0,
							0,
							0
						]
					}
				},
				"left_foot": {
					"rotation": {
						"0.0": [
							0,
							0,
							0
						],
						"0.1667": [
							10,
							0,
							0
						],
						"0.4167": [
							20,
							0,
							0
						],
						"0.5": [
							0,
							0,
							0
						]
					}
				},
				"right_leg": {
					"rotation": {
						"0.0": [
							0,
							0,
							0
						],
						"0.1667": [
							-9.12916,
							-1.77448,
							-3.54154
						],
						"0.4167": [
							-19.12916,
							-1.77448,
							-3.54154
						],
						"0.5": [
							0,
							0,
							0
						]
					},
					"position": {
						"0.0": [
							0,
							0,
							0
						],
						"0.1667": [
							0,
							0.6,
							1.2
						],
						"0.4167": [
							0,
							0.6,
							3
						],
						"0.5": [
							0,
							0,
							0
						]
					}
				},
				"right_foot": {
					"rotation": {
						"0.0": [
							0,
							0,
							0
						],
						"0.1667": [
							10,
							0,
							0
						],
						"0.4167": [
							20,
							0,
							0
						],
						"0.5": [
							0,
							0,
							0
						]
					}
				}
			}
		},
		"animation.ganganzelli.idle": {
			"animation_length": 2,
			"bones": {
				"body": {
					"scale": {
						"0.0": [
							1,
							1,
							1
						],
						"1.0": [
							0.95,
							0.95,
							0.95
						],
						"2.0": [
							1,
							1,
							1
						]
					}
				},
				"head": {
					"position": {
						"0.0": [
							0,
							0,
							0
						],
						"1.0": [
							0,
							-1,
							0
						],
						"2.0": [
							0,
							0,
							0
						]
					}
				},
				"left_arm": {
					"rotation": {
						"0.0": [
							0,
							0,
							0
						],
						"1.0": [
							0,
							0,
							-7.5
						],
						"2.0": [
							0,
							0,
							0
						]
					}
				},
				"right_arm": {
					"rotation": {
						"0.0": [
							0,
							0,
							0
						],
						"1.0": [
							0,
							0,
							7.5
						],
						"2.0": [
							0,
							0,
							0
						]
					}
				}
			}
		},
		"animation.ganganzelli.walk": {
			"loop": true,
			"animation_length": 1.1667,
			"bones": {
				"bone": {
					"position": {
						"0.0": [
							0,
							0,
							0
						],
						"0.3333": [
							0,
							1,
							0
						],
						"0.5": [
							0,
							1.2,
							0
						],
						"0.75": [
							0,
							-1,
							0
						],
						"1.1667": [
							0,
							0,
							0
						]
					}
				},
				"right_leg": {
					"rotation": {
						"0.0": [
							-10,
							10,
							0
						],
						"0.3333": [
							0,
							10,
							0
						],
						"0.6667": [
							10,
							10,
							0
						],
						"0.8333": [
							23.0144,
							10,
							0
						],
						"1.0": [
							0,
							10,
							0
						],
						"1.1667": [
							-10,
							10,
							0
						]
					},
					"position": {
						"0.0": [
							0,
							0,
							-1
						],
						"0.3333": [
							0,
							0,
							0
						],
						"0.6667": [
							0,
							0,
							1
						],
						"1.0": [
							0,
							2,
							-1
						],
						"1.1667": [
							0,
							0,
							-1
						]
					}
				},
				"left_leg": {
					"rotation": {
						"0.0": [
							10,
							-10,
							0
						],
						"0.1667": [
							23.0144,
							-10,
							0
						],
						"0.3333": [
							0,
							-10,
							0
						],
						"0.4167": [
							-18.0394,
							-10,
							0
						],
						"0.6667": [
							-10,
							-10,
							0
						],
						"1.0": [
							0,
							-10,
							0
						],
						"1.1667": [
							10,
							-10,
							0
						]
					},
					"position": {
						"0.0": [
							0,
							1,
							1
						],
						"0.3333": [
							0,
							2,
							-1
						],
						"0.5833": [
							0,
							0.5,
							0.5
						],
						"0.6667": [
							0,
							0,
							1
						],
						"1.0": [
							0,
							0,
							0
						],
						"1.1667": [
							0,
							1,
							1
						]
					}
				},
				"chest": {
					"rotation": {
						"0.0": [
							0,
							5,
							0
						],
						"0.3333": [
							0,
							0,
							0
						],
						"0.5833": [
							0,
							-5,
							0
						],
						"1.0": [
							0,
							0,
							0
						],
						"1.1667": [
							0,
							5,
							0
						]
					},
					"position": {
						"0.0": [
							0,
							0,
							0
						],
						"0.0833": [
							0,
							-2.14,
							0
						],
						"0.1667": [
							0,
							0,
							0
						],
						"0.3333": [
							0,
							1,
							0
						],
						"0.5833": [
							0,
							0,
							0
						],
						"0.6667": [
							0,
							-1.14,
							0
						],
						"0.75": [
							0,
							0,
							0
						],
						"1.0": [
							0,
							1,
							0
						],
						"1.1667": [
							0,
							0,
							0
						]
					}
				},
				"left_arm": {
					"rotation": {
						"0.0": [
							-12.68664,
							-9.76061,
							-5.31442
						],
						"0.3333": [
							23.16016,
							-15.82412,
							-11.64699
						],
						"0.5": [
							39.16861,
							-8.93717,
							-16.82791
						],
						"1.1667": [
							-12.68664,
							-9.76061,
							-5.31442
						]
					}
				},
				"right_arm": {
					"rotation": {
						"0.0": [
							40.75326,
							15.41447,
							12.90127
						],
						"0.3333": [
							-1.41558,
							8.47149,
							9.30042
						],
						"0.5": [
							0,
							7.5,
							7.5
						],
						"1.1667": [
							40.75326,
							15.41447,
							12.90127
						]
					}
				},
				"head": {
					"rotation": {
						"0.0": [
							0,
							0,
							0
						],
						"0.5": [
							5,
							0,
							0
						],
						"1.1667": [
							0,
							0,
							0
						]
					}
				}
			}
		}
	}
}