{
	"format_version": "1.8.0",
	"animations": {
		"animation.karkerkarkurkur_greatgrandfather.idle": {
			"loop": true,
			"animation_length": 4,
			"bones": {
				"left_arm": {
					"rotation": {
						"0.0": [
							0,
							0,
							0
						],
						"2.0": [
							0,
							0,
							-7.5
						],
						"4.0": [
							0,
							0,
							0
						]
					}
				},
				"right_arm": {
					"rotation": {
						"0.0": [
							0,
							0,
							0
						],
						"2.0": [
							0,
							0,
							7.5
						],
						"4.0": [
							0,
							0,
							0
						]
					}
				},
				"chest": {
					"rotation": {
						"0.0": [
							0,
							0,
							0
						],
						"2.0": [
							0,
							0,
							0
						],
						"4.0": [
							0,
							0,
							0
						]
					},
					"scale": {
						"0.0": [
							1,
							1,
							1
						],
						"2.0": [
							1.1,
							1.1,
							1.1
						],
						"4.0": [
							1,
							1,
							1
						]
					}
				}
			}
		},
		"animation.karkerkarkurkur_greatgrandfather.walk": {
			"loop": true,
			"animation_length": 1.1667,
			"bones": {
				"left_arm": {
					"rotation": {
						"0.0": [
							-12.5,
							0,
							-7.5
						],
						"0.5": [
							-4.89989,
							14.3829,
							2.19952
						],
						"1.1667": [
							-12.5,
							0,
							-7.5
						]
					}
				},
				"right_arm": {
					"rotation": {
						"0.0": [
							-21,
							0,
							0
						],
						"0.5": [
							0,
							5,
							7.5
						],
						"1.1667": [
							-21,
							0,
							0
						]
					}
				},
				"left_leg": {
					"rotation": {
						"0.0": [
							10,
							-10,
							0
						],
						"0.1667": [
							23.0144,
							-10,
							0
						],
						"0.3333": [
							0,
							-10,
							0
						],
						"0.4167": [
							-18.0394,
							-10,
							0
						],
						"0.6667": [
							-10,
							-10,
							0
						],
						"1.0": [
							0,
							-10,
							0
						],
						"1.1667": [
							10,
							-10,
							0
						]
					},
					"position": {
						"0.0": [
							0,
							1,
							1
						],
						"0.3333": [
							0,
							2,
							-1
						],
						"0.5833": [
							0,
							0.5,
							0.5
						],
						"0.6667": [
							0,
							0,
							1
						],
						"1.0": [
							0,
							0,
							0
						],
						"1.1667": [
							0,
							1,
							1
						]
					}
				},
				"right_leg": {
					"rotation": {
						"0.0": [
							-10,
							10,
							0
						],
						"0.3333": [
							0,
							10,
							0
						],
						"0.6667": [
							10,
							10,
							0
						],
						"0.8333": [
							23.0144,
							10,
							0
						],
						"1.0": [
							0,
							10,
							0
						],
						"1.1667": [
							-10,
							10,
							0
						]
					},
					"position": {
						"0.0": [
							0,
							0,
							-1
						],
						"0.3333": [
							0,
							0,
							0
						],
						"0.6667": [
							0,
							0,
							1
						],
						"1.0": [
							0,
							2,
							-1
						],
						"1.1667": [
							0,
							0,
							-1
						]
					}
				},
				"chest": {
					"rotation": {
						"0.0": [
							0,
							5,
							0
						],
						"0.3333": [
							0,
							0,
							0
						],
						"0.5833": [
							0,
							-5,
							0
						],
						"1.0": [
							0,
							0,
							0
						],
						"1.1667": [
							0,
							5,
							0
						]
					},
					"position": {
						"0.0": [
							0,
							0,
							0
						],
						"0.0833": [
							0,
							-2.14,
							0
						],
						"0.1667": [
							0,
							0,
							0
						],
						"0.3333": [
							0,
							1,
							0
						],
						"0.5833": [
							0,
							0,
							0
						],
						"0.6667": [
							0,
							-1.14,
							0
						],
						"0.75": [
							0,
							0,
							0
						],
						"1.0": [
							0,
							1,
							0
						],
						"1.1667": [
							0,
							0,
							0
						]
					}
				},
				"bone": {
					"position": {
						"0.0": [
							0,
							0,
							0
						],
						"0.3333": [
							0,
							1,
							0
						],
						"0.5": [
							0,
							1.2,
							0
						],
						"0.75": [
							0,
							-1,
							0
						],
						"1.1667": [
							0,
							0,
							0
						]
					}
				}
			}
		},
		"animation.karkerkarkurkur_greatgrandfather.attack": {
			"animation_length": 0.5,
			"bones": {
				"left_leg": {
					"rotation": {
						"0.0": [
							0,
							0,
							0
						],
						"0.1667": [
							-10,
							0,
							0
						],
						"0.4167": [
							12.5,
							0,
							0
						],
						"0.5": [
							0,
							0,
							0
						]
					},
					"position": {
						"0.0": [
							0,
							0,
							0
						],
						"0.1667": [
							0,
							-0.4,
							1.2
						],
						"0.4167": [
							0,
							0.9,
							3
						],
						"0.5": [
							0,
							0,
							0
						]
					}
				},
				"right_leg": {
					"rotation": {
						"0.0": [
							0,
							0,
							0
						],
						"0.1667": [
							-9.12916,
							-1.77448,
							-3.54154
						],
						"0.4167": [
							13.37084,
							-1.77448,
							-3.54154
						],
						"0.5": [
							0,
							0,
							0
						]
					},
					"position": {
						"0.0": [
							0,
							0,
							0
						],
						"0.1667": [
							0,
							-0.4,
							1.2
						],
						"0.4167": [
							0,
							0.6,
							3
						],
						"0.5": [
							0,
							0,
							0
						]
					}
				},
				"chest": {
					"rotation": {
						"0.0": [
							0,
							0,
							0
						],
						"0.1667": [
							-17.5,
							0,
							0
						],
						"0.4167": [
							45,
							0,
							0
						],
						"0.5": [
							0,
							0,
							0
						]
					},
					"position": {
						"0.0": [
							0,
							0,
							0
						],
						"0.1667": [
							0,
							-1.6,
							1.8
						],
						"0.4167": [
							0,
							-3,
							4
						],
						"0.5": [
							0,
							0,
							0
						]
					}
				}
			}
		}
	}
}