{
	"format_version": "1.8.0",
	"animations": {
		"animation.kecum.attack": {
			"animation_length": 0.5,
			"bones": {
				"chest": {
					"rotation": {
						"0.0": [
							0,
							0,
							0
						],
						"0.1667": [
							-17.5,
							0,
							0
						],
						"0.4167": [
							62.5,
							0,
							0
						],
						"0.5": [
							0,
							0,
							0
						]
					},
					"position": {
						"0.0": [
							0,
							0,
							0
						],
						"0.1667": [
							0,
							6.4,
							1.8
						],
						"0.4167": [
							0,
							12,
							4
						],
						"0.5": [
							0,
							0,
							0
						]
					}
				},
				"right_arm": {
					"rotation": {
						"0.0": [
							0,
							0,
							0
						],
						"0.1667": [
							-106.55898,
							8.42106,
							-20.94102
						],
						"0.4167": [
							106.76647,
							-7.82024,
							-13.50163
						],
						"0.5": [
							0,
							0,
							0
						]
					}
				},
				"left_arm": {
					"rotation": {
						"0.0": [
							0,
							0,
							0
						],
						"0.1667": [
							-107.52904,
							-11.2531,
							25.25766
						],
						"0.4167": [
							85.32233,
							6.11538,
							13.70054
						],
						"0.5": [
							0,
							0,
							0
						]
					},
					"position": {
						"0.0": [
							0,
							0,
							0
						],
						"0.1667": [
							-2,
							0,
							0
						],
						"0.5": [
							0,
							0,
							0
						]
					}
				}
			}
		},
		"animation.kecum.idle": {
			"loop": true,
			"animation_length": 4,
			"bones": {
				"bone19": {
					"scale": 0
				},
				"bone20": {
					"scale": 0
				},
				"raig": {
					"rotation": {
						"0.0": [
							0,
							0,
							0
						],
						"1.0": [
							0,
							-357.5,
							0
						],
						"2.0": [
							0,
							-717.5,
							0
						],
						"3.0": [
							0,
							-1075,
							0
						],
						"4.0": [
							0,
							-1435,
							0
						]
					},
					"scale": {
						"0.0": [
							1,
							1,
							1
						],
						"0.5": [
							1.4,
							1.4,
							1.4
						],
						"1.0": [
							1,
							1,
							1
						],
						"1.5": [
							1.4,
							1.4,
							1.4
						],
						"2.0": [
							1,
							1,
							1
						],
						"2.5": [
							1.4,
							1.4,
							1.4
						],
						"3.0": [
							1,
							1,
							1
						],
						"3.5": [
							1.4,
							1.4,
							1.4
						],
						"4.0": [
							1,
							1,
							1
						]
					}
				},
				"eye": {
					"position": {
						"0.0": [
							0,
							0,
							0
						],
						"1.0": [
							1,
							0,
							0
						],
						"2.0": [
							0,
							0,
							0
						],
						"3.0": [
							-1,
							0,
							0
						],
						"4.0": [
							0,
							0,
							0
						]
					}
				},
				"chest": {
					"position": {
						"0.0": [
							0,
							-0.6,
							0
						],
						"1.0": [
							0,
							0.1,
							0
						],
						"2.0": [
							0,
							-0.6,
							0
						],
						"3.0": [
							0,
							-1,
							0
						],
						"4.0": [
							0,
							-0.6,
							0
						]
					}
				},
				"right_arm": {
					"rotation": {
						"0.0": [
							0,
							0,
							0
						],
						"2.0": [
							0,
							0,
							7.5
						],
						"4.0": [
							0,
							0,
							0
						]
					}
				},
				"left_arm": {
					"rotation": {
						"0.0": [
							0,
							0,
							0
						],
						"2.0": [
							0,
							0,
							-7.5
						],
						"4.0": [
							0,
							0,
							0
						]
					}
				}
			}
		},
		"animation.kecum.walk": {
			"loop": true,
			"animation_length": 1.1667,
			"bones": {
				"bone19": {
					"scale": {
						"0.0": [
							0,
							0,
							0
						],
						"1.1667": [
							0,
							0,
							0
						]
					}
				},
				"bone20": {
					"scale": {
						"0.0": [
							0,
							0,
							0
						],
						"1.1667": [
							0,
							0,
							0
						]
					}
				},
				"raig": {
					"rotation": {
						"0.0": [
							0,
							0,
							0
						],
						"1.0": [
							0,
							-357.5,
							0
						],
						"1.1667": [
							0,
							0,
							0
						]
					},
					"scale": {
						"0.0": [
							1,
							1,
							1
						],
						"0.5": [
							1.4,
							1.4,
							1.4
						],
						"1.0": [
							1,
							1,
							1
						],
						"1.1667": [
							1,
							1,
							1
						]
					}
				},
				"eye": {
					"position": {
						"0.0": [
							0,
							0,
							0
						],
						"0.3333": [
							1,
							0,
							0
						],
						"0.75": [
							-1,
							0,
							0
						],
						"1.1667": [
							0,
							0,
							0
						]
					}
				},
				"left_based_hand": {
					"rotation": {
						"0.0": [
							-35,
							0,
							0
						],
						"0.5833": [
							-12.5,
							0,
							0
						],
						"1.1667": [
							-35,
							0,
							0
						]
					},
					"position": {
						"0.0": [
							0,
							1.75,
							0.5
						],
						"0.5833": [
							0,
							1.75,
							0.5
						],
						"1.1667": [
							0,
							1.75,
							0.5
						]
					}
				},
				"right_based_hand": {
					"rotation": {
						"0.0": [
							-35,
							0,
							0
						],
						"0.5833": [
							-20,
							0,
							0
						],
						"1.1667": [
							-35,
							0,
							0
						]
					},
					"position": {
						"0.0": [
							0,
							1.75,
							0.5
						],
						"0.5833": [
							0,
							1.75,
							0.5
						],
						"1.1667": [
							0,
							1.75,
							0.5
						]
					}
				},
				"right_door": {
					"rotation": {
						"0.0": [
							0,
							0,
							0
						],
						"0.4167": [
							0,
							112.5,
							0
						],
						"1.1667": [
							0,
							0,
							0
						]
					}
				},
				"left_door": {
					"rotation": {
						"0.0": [
							0,
							0,
							0
						],
						"0.4167": [
							0,
							-112.5,
							0
						],
						"1.1667": [
							0,
							0,
							0
						]
					}
				},
				"left_foot": {
					"rotation": {
						"0.0": [
							0,
							0,
							0
						],
						"0.3333": [
							37.5,
							0,
							0
						],
						"0.75": [
							35,
							0,
							0
						],
						"1.1667": [
							0,
							0,
							0
						]
					}
				},
				"right_foot": {
					"rotation": {
						"0.0": [
							0,
							0,
							0
						],
						"0.3333": [
							17.5,
							0,
							0
						],
						"0.75": [
							37.5,
							0,
							0
						],
						"1.1667": [
							0,
							0,
							0
						]
					}
				},
				"bone": {
					"position": {
						"0.0": [
							0,
							0,
							0
						],
						"0.3333": [
							0,
							1,
							0
						],
						"0.5": [
							0,
							1.2,
							0
						],
						"0.75": [
							0,
							-1,
							0
						],
						"1.1667": [
							0,
							0,
							0
						]
					}
				},
				"left_leg": {
					"rotation": {
						"0.0": [
							10,
							-10,
							0
						],
						"0.1667": [
							23.0144,
							-10,
							0
						],
						"0.3333": [
							0,
							-10,
							0
						],
						"0.4167": [
							-18.0394,
							-10,
							0
						],
						"0.6667": [
							-10,
							-10,
							0
						],
						"1.0": [
							0,
							-10,
							0
						],
						"1.1667": [
							10,
							-10,
							0
						]
					},
					"position": {
						"0.0": [
							0,
							1,
							1
						],
						"0.3333": [
							0,
							2,
							-1
						],
						"0.5833": [
							0,
							0.5,
							0.5
						],
						"0.6667": [
							0,
							0,
							1
						],
						"1.0": [
							0,
							0,
							0
						],
						"1.1667": [
							0,
							1,
							1
						]
					}
				},
				"right_leg": {
					"rotation": {
						"0.0": [
							-10,
							10,
							0
						],
						"0.3333": [
							0,
							10,
							0
						],
						"0.6667": [
							10,
							10,
							0
						],
						"0.8333": [
							23.0144,
							10,
							0
						],