{
	"format_version": "1.8.0",
	"animations": {
		"animation.kid_capuccino.idle": {
			"loop": true,
			"animation_length": 2,
			"bones": {
				"left_arm": {
					"rotation": {
						"0.0": [
							0,
							0,
							0
						],
						"1.0": [
							-7.5,
							0,
							0
						],
						"2.0": [
							0,
							0,
							0
						]
					}
				},
				"chest": {
					"rotation": {
						"0.0": [
							0,
							0,
							0
						],
						"1.0": [
							2.5,
							0,
							0
						],
						"2.0": [
							0,
							0,
							0
						]
					}
				}
			}
		},
		"animation.kid_capuccino.walk": {
			"loop": true,
			"animation_length": 1,
			"bones": {
				"head": {
					"rotation": {
						"0.0": [
							0,
							0,
							0
						],
						"1.0": [
							0,
							0,
							0
						]
					}
				},
				"left_arm": {
					"rotation": {
						"0.0": [
							44.92287,
							1.91134,
							-4.62111
						],
						"0.5": [
							-44.85441,
							-3.38544,
							-0.69104
						],
						"1.0": [
							44.92287,
							1.91134,
							-4.62111
						]
					},
					"position": {
						"0.0": [
							-0.3,
							-0.8,
							-1.5
						],
						"0.5": [
							-0.2,
							-0.8,
							1.4
						],
						"1.0": [
							-0.3,
							-0.8,
							-1.5
						]
					}
				},
				"left_leg": {
					"rotation": {
						"0.0": [
							-45,
							0,
							0
						],
						"0.5": [
							22.5,
							0,
							0
						],
						"1.0": [
							-45,
							0,
							0
						]
					},
					"position": {
						"0.0": [
							0,
							-0.9,
							0
						],
						"0.25": [
							0,
							-0.6,
							0
						],
						"0.5": [
							0,
							0,
							0
						],
						"0.75": [
							0,
							1,
							0
						],
						"1.0": [
							0,
							-0.9,
							0
						]
					}
				},
				"right_leg": {
					"rotation": {
						"0.0": [
							45,
							0,
							0
						],
						"0.5": [
							-45,
							0,
							0
						],
						"1.0": [
							45,
							0,
							0
						]
					},
					"position": {
						"0.0": [
							0,
							0,
							0
						],
						"0.25": [
							0,
							1,
							0
						],
						"0.5": [
							0,
							-0.9,
							0
						],
						"0.75": [
							0,
							-0.2,
							0
						],
						"1.0": [
							0,
							0,
							0
						]
					}
				},
				"right_arm": {
					"rotation": {
						"0.0": [
							-44.85441,
							-3.38544,
							-0.69104
						],
						"0.4167": [
							44.92287,
							1.91134,
							-4.62111
						],
						"1.0": [
							-44.85441,
							-3.38544,
							-0.69104
						]
					},
					"position": {
						"0.0": [
							-0.2,
							-0.8,
							1.4
						],
						"0.4167": [
							-0.3,
							-0.8,
							-1.5
						],
						"1.0": [
							-0.2,
							-0.8,
							1.4
						]
					}
				},
				"chest": {
					"rotation": {
						"0.0": [
							5,
							0,
							2.5
						],
						"0.25": [
							-1.25,
							0,
							0
						],
						"0.5": [
							7.5,
							0,
							-2.5
						],
						"0.75": [
							-1.25,
							0,
							0
						],
						"1.0": [
							5,
							0,
							2.5
						]
					}
				}
			}
		},
		"animation.kid_capuccino.attack": {
			"loop": "hold_on_last_frame",
			"animation_length": 0.4167,
			"bones": {
				"left_arm": {
					"rotation": {
						"0.0": [
							0,
							0,
							0
						],
						"0.25": [
							0,
							0,
							-7.5
						],
						"0.4167": [
							0,
							0,
							0
						]
					}
				},
				"right_arm": {
					"rotation": {
						"0.0": [
							0,
							0,
							0
						],
						"0.25": [
							-69.53194,
							-43.85328,
							61.6867
						],
						"0.4167": [
							0,
							0,
							0
						]
					},
					"position": {
						"0.0": [
							0,
							0,
							0
						],
						"0.25": [
							0,
							-1,
							-0.75
						],
						"0.4167": [
							0,
							0,
							0
						]
					}
				},
				"chest": {
					"rotation": {
						"0.0": [
							0,
							0,
							0
						],
						"0.0833": [
							0,
							17.5,
							0
						],
						"0.25": [
							0,
							-22.5,
							0
						],
						"0.4167": [
							0,
							0,
							0
						]
					}
				}
			}
		}
	}
}