{
	"format_version": "1.8.0",
	"animations": {
		"animation.kid_ballerina.idle": {
			"loop": true,
			"animation_length": 2,
			"bones": {
				"chest": {
					"rotation": {
						"0.0": [
							0,
							0,
							0
						],
						"1.0": [
							2.5,
							0,
							0
						],
						"2.0": [
							0,
							0,
							0
						]
					}
				},
				"right_arm": {
					"rotation": {
						"0.0": [
							0,
							0,
							0
						],
						"1.0": [
							-7.5,
							0,
							0
						],
						"2.0": [
							0,
							0,
							0
						]
					}
				},
				"left_arm": {
					"rotation": {
						"0.0": [
							0,
							0,
							0
						],
						"1.0": [
							-7.5,
							0,
							0
						],
						"2.0": [
							0,
							0,
							0
						]
					}
				}
			}
		},
		"animation.kid_ballerina.walk": {
			"loop": true,
			"animation_length": 1.1667,
			"bones": {
				"bone": {
					"position": {
						"0.0": [
							0,
							0,
							0
						],
						"0.3333": [
							0,
							1,
							0
						],
						"0.5": [
							0,
							1.2,
							0
						],
						"0.75": [
							0,
							-1,
							0
						],
						"1.1667": [
							0,
							0,
							0
						]
					}
				},
				"chest": {
					"rotation": {
						"0.0": [
							0,
							5,
							0
						],
						"0.3333": [
							0,
							0,
							0
						],
						"0.5833": [
							0,
							-5,
							0
						],
						"1.0": [
							0,
							0,
							0
						],
						"1.1667": [
							0,
							5,
							0
						]
					},
					"position": {
						"0.0": [
							0,
							0,
							0
						],
						"0.0833": [
							0,
							-2.14,
							0
						],
						"0.1667": [
							0,
							0,
							0
						],
						"0.3333": [
							0,
							1,
							0
						],
						"0.5833": [
							0,
							0,
							0
						],
						"0.6667": [
							0,
							-1.14,
							0
						],
						"0.75": [
							0,
							0,
							0
						],
						"1.0": [
							0,
							1,
							0
						],
						"1.1667": [
							0,
							0,
							0
						]
					}
				},
				"head": {
					"rotation": {
						"0.0": [
							0,
							0,
							0
						],
						"0.5": [
							5,
							0,
							0
						],
						"1.1667": [
							0,
							0,
							0
						]
					}
				},
				"right_arm": {
					"rotation": {
						"0.0": [
							40.75326,
							15.41447,
							12.90127
						],
						"0.3333": [
							-1.41558,
							8.47149,
							9.30042
						],
						"0.5": [
							0,
							7.5,
							7.5
						],
						"1.1667": [
							40.75326,
							15.41447,
							12.90127
						]
					}
				},
				"left_arm": {
					"rotation": {
						"0.0": [
							-12.68664,
							-9.76061,
							-5.31442
						],
						"0.3333": [
							23.16016,
							-15.82412,
							-11.64699
						],
						"0.5": [
							39.16861,
							-8.93717,
							-16.82791
						],
						"1.1667": [
							-12.68664,
							-9.76061,
							-5.31442
						]
					}
				},
				"left_leg": {
					"rotation": {
						"0.0": [
							10,
							-10,
							0
						],
						"0.1667": [
							23.0144,
							-10,
							0
						],
						"0.3333": [
							0,
							-10,
							0
						],
						"0.4167": [
							-18.0394,
							-10,
							0
						],
						"0.6667": [
							-10,
							-10,
							0
						],
						"1.0": [
							0,
							-10,
							0
						],
						"1.1667": [
							10,
							-10,
							0
						]
					},
					"position": {
						"0.0": [
							0,
							1,
							1
						],
						"0.3333": [
							0,
							2,
							-1
						],
						"0.5833": [
							0,
							0.5,
							0.5
						],
						"0.6667": [
							0,
							0,
							1
						],
						"1.0": [
							0,
							0,
							0
						],
						"1.1667": [
							0,
							1,
							1
						]
					}
				},
				"right_leg": {
					"rotation": {
						"0.0": [
							-10,
							10,
							0
						],
						"0.3333": [
							0,
							10,
							0
						],
						"0.6667": [
							10,
							10,
							0
						],
						"0.8333": [
							23.0144,
							10,
							0
						],
						"1.0": [
							0,
							10,
							0
						],
						"1.1667": [
							-10,
							10,
							0
						]
					},
					"position": {
						"0.0": [
							0,
							0,
							-1
						],
						"0.3333": [
							0,
							0,
							0
						],
						"0.6667": [
							0,
							0,
							1
						],
						"1.0": [
							0,
							2,
							-1
						],
						"1.1667": [
							0,
							0,
							-1
						]
					}
				}
			}
		},
		"animation.kid_ballerina.attack": {
			"animation_length": 0.4167,
			"bones": {
				"chest": {
					"rotation": {
						"0.0": [
							0,
							0,
							0
						],
						"0.0833": [
							0,
							17.5,
							0
						],
						"0.25": [
							0,
							-22.5,
							0
						],
						"0.4167": [
							0,
							0,
							0
						]
					}
				},
				"right_arm": {
					"rotation": {
						"0.0": [
							0,
							0,
							0
						],
						"0.0833": [
							-93.57464,
							0.52773,
							15.46382
						],
						"0.25": [
							-66.86155,
							-51.41685,
							27.29222
						],
						"0.4167": [
							0,
							0,
							0
						]
					},
					"position": {
						"0.0": [
							0,
							0,
							0
						],
						"0.0833": [
							-1,
							-1,
							1
						],
						"0.25": [
							-1,
							0.2,
							-0.8
						],
						"0.4167": [
							0,
							0,
							0
						]
					}
				},
				"left_arm": {
					"rotation": {
						"0.0": [
							0,
							0,
							0
						],
						"0.25": [
							0,
							0,
							-7.5
						],
						"0.4167": [
							0,
							0,
							0
						]
					}
				}
			}
		}
	}
}