{
	"format_version": "1.8.0",
	"animations": {
		"animation.lirili_larilila.idle": {
			"loop": true,
			"animation_length": 2,
			"bones": {
				"chest": {
					"rotation": {
						"0.0": [
							0,
							0,
							0
						],
						"1.0": [
							2.5,
							0,
							0
						],
						"2.0": [
							0,
							0,
							0
						]
					}
				},
				"right_arm": {
					"rotation": {
						"0.0": [
							0,
							0,
							0
						],
						"1.0": [
							-7.5,
							0,
							0
						],
						"2.0": [
							0,
							0,
							0
						]
					}
				},
				"left_arm": {
					"rotation": {
						"0.0": [
							0,
							0,
							0
						],
						"1.0": [
							-7.5,
							0,
							0
						],
						"2.0": [
							0,
							0,
							0
						]
					}
				}
			}
		},
		"animation.lirili_larilila.walk": {
			"loop": true,
			"animation_length": 1,
			"bones": {
				"chest": {
					"rotation": {
						"0.0": [
							12.5,
							0,
							0
						],
						"0.25": [
							0,
							0,
							0
						],
						"0.5": [
							-25,
							0,
							0
						],
						"0.75": [
							0,
							0,
							0
						],
						"1.0": [
							12.5,
							0,
							0
						]
					},
					"position": {
						"0.0": [
							0,
							0,
							0
						],
						"0.25": [
							0,
							0,
							0
						],
						"0.5": [
							0,
							4,
							3
						],
						"0.75": [
							0,
							0,
							0
						],
						"1.0": [
							0,
							0,
							0
						]
					}
				},
				"head": {
					"rotation": {
						"0.0": [
							0,
							0,
							0
						],
						"1.0": [
							0,
							0,
							0
						]
					}
				},
				"right_arm": {
					"rotation": {
						"0.0": [
							-44.92287,
							1.91134,
							4.62111
						],
						"0.5": [
							44.29026,
							-8.65289,
							6.06152
						],
						"1.0": [
							-44.92287,
							1.91134,
							4.62111
						]
					},
					"position": {
						"0.0": [
							0.3,
							-0.8,
							0.7
						],
						"0.5": [
							0.3,
							-0.8,
							-1.9
						],
						"1.0": [
							0.3,
							-0.8,
							0.7
						]
					}
				},
				"left_arm": {
					"rotation": {
						"0.0": [
							44.92287,
							1.91134,
							-4.62111
						],
						"0.5": [
							-44.85441,
							-3.38544,
							-0.69104
						],
						"1.0": [
							44.92287,
							1.91134,
							-4.62111
						]
					},
					"position": {
						"0.0": [
							-0.3,
							-0.8,
							-1.5
						],
						"0.5": [
							-0.2,
							-0.8,
							1.4
						],
						"1.0": [
							-0.3,
							-0.8,
							-1.5
						]
					}
				},
				"left_leg": {
					"rotation": {
						"0.0": [
							42.5,
							0,
							0
						],
						"0.25": [
							0,
							0,
							0
						],
						"0.5": [
							0,
							0,
							0
						],
						"0.75": [
							0,
							0,
							0
						],
						"1.0": [
							42.5,
							0,
							0
						]
					},
					"position": {
						"0.0": [
							0,
							7.1,
							0
						],
						"0.25": [
							0,
							0,
							0
						],
						"0.5": [
							0,
							0,
							0
						],
						"0.75": [
							0,
							0,
							0
						],
						"1.0": [
							0,
							7.1,
							0
						]
					}
				},
				"right_leg": {
					"rotation": {
						"0.0": [
							-5,
							0,
							0
						],
						"0.25": [
							0,
							0,
							0
						],
						"0.5": [
							-32.5,
							0,
							0
						],
						"0.75": [
							0,
							0,
							0
						],
						"1.0": [
							-5,
							0,
							0
						]
					},
					"position": {
						"0.0": [
							0,
							-0.6,
							2
						],
						"0.25": [
							0,
							0,
							0
						],
						"0.5": [
							0,
							5,
							3
						],
						"0.75": [
							0,
							0,
							0
						],
						"1.0": [
							0,
							-0.6,
							2
						]
					}
				},
				"corn_l": {
					"rotation": {
						"0.0": [
							0,
							0,
							0
						],
						"0.25": [
							-15,
							0,
							0
						],
						"0.5": [
							2.5,
							0,
							0
						],
						"0.75": [
							-15,
							0,
							0
						],
						"1.0": [
							0,
							0,
							0
						]
					}
				},
				"corn_r": {
					"rotation": {
						"0.0": [
							0,
							0,
							0
						],
						"0.25": [
							-15,
							0,
							0
						],
						"0.5": [
							2.5,
							0,
							0
						],
						"0.75": [
							-15,
							0,
							0
						],
						"1.0": [
							0,
							0,
							0
						]
					}
				},
				"tromp": {
					"rotation": {
						"0.0": [
							0,
							0,
							0
						],
						"0.25": [
							-15,
							0,
							0
						],
						"0.5": [
							2.5,
							0,
							0
						],
						"0.75": [
							-15,
							0,
							0
						],
						"1.0": [
							0,
							0,
							0
						]
					}
				}
			}
		},
		"animation.lirili_larilila.attack": {
			"animation_length": 0.5,
			"bones": {
				"left_leg": {
					"rotation": {
						"0.0": [
							0,
							0,
							0
						],
						"0.125": [
							15,
							0,
							0
						],
						"0.2917": [
							0,
							0,
							0
						],
						"0.5": [
							0,
							0,
							0
						]
					},
					"position": {
						"0.0": [
							0,
							0,
							0
						],
						"0.125": [
							0,
							5,
							-3
						],
						"0.2917": [
							0,
							0,
							-8
						],
						"0.5": [
							0,
							0,
							0
						]
					}
				},
				"right_leg": {
					"rotation": {
						"0.0": [
							0,
							0,
							0
						],
						"0.125": [
							0,
							0,
							0
						],
						"0.2917": [
							-47.5,
							0,
							0
						],
						"0.5": [
							0,
							0,
							0
						]
					},
					"position": {
						"0.0": [
							0,
							0,
							0
						],
						"0.125": [
							0,
							0,
							2
						],
						"0.2917": [
							0,
							0,
							-2
						],
						"0.5": [
							0,
							0,
							0
						]
					}
				},
				"chest": {
					"rotation": {
						"0.0": [
							0,
							0,
							0
						],
						"0.125": [
							25,
							0,
							0
						],
						"0.2917": [
							-27.5,
							0,
							0
						],
						"0.5": [
							0,
							0,
							0
						]
					},
					"position": {
						"0.0": [
							0,
							0,
							0
						],
						"0.125": [
							0,
							-3.18,
							-0.93
						],
						"0.2917": [
							0,
							2.25,
							-4.5
						],
						"0.5": [
							0,
							0,
							0
						]
					}
				},
				"tromp": {
					"rotation": {
						"0.0": [
							0,
							0,
							0
						],
						"0.1667": [
							0,
							0,
							0
						],
						"0.2917": [
							-47.5,
							0,
							0
						],
						"0.5": [
							0,
							0,
							0
						]
					}
				}
			}
		},
		"animation.lirili_larilila.attack2": {
			"loop": true,
			"animation_length": 2,
			"bones": {
				"chest": {
					"rotation": {
						"0.0": [
							0,
							0,
							0
						],
						"0.2": [
							10.5,
							0,
							0
						],
						"0.5": [
							0,
							0,
							0
						],
						"1.0": [
							2.5,
							0,
							0
						],
						"2.0": [
							0,
							0,
							0
						]
					}
				},
				"right_arm": {
					"rotation": {
						"0.0": [
							0,
							0,
							0
						],
						"1.0": [
							-7.5,
							0,
							0
						],
						"2.0": [
							0,
							0,
							0
						]
					}
				},
				"left_arm": {
					"rotation": {
						"0.0": [
							0,
							0,
							0
						],
						"1.0": [
							-7.5,
							0,
							0
						],
						"2.0": [
							0,
							0,
							0
						]
					}
				},
				"root": {
					"position": {
						"0.0": [
							0,
							0,
							0
						],
						"0.2": [
							0,
							2,
							9
						],
						"0.4": [
							0,
							0,
							9
						],
						"1.8": [
							0,
							2,
							9
						],
						"2.0": [
							0,
							0,
							0
						]
					}
				},
				"clock": {
					"rotation": {
						"0.0": [
							0,
							0,
							0
						],