{
	"format_version": "1.8.0",
	"animations": {
		"animation.odin_dindindun.attack": {
			"animation_length": 0.5,
			"bones": {
				"right_arm": {
					"rotation": {
						"0.0": [
							0,
							0,
							0
						],
						"0.1667": [
							-159.05898,
							8.42106,
							-20.94102
						],
						"0.4167": [
							-60.73353,
							-7.82024,
							-13.50163
						],
						"0.5": [
							0,
							0,
							0
						]
					}
				},
				"left_arm": {
					"rotation": {
						"0.0": [
							0,
							0,
							0
						],
						"0.1667": [
							-157.52904,
							-11.2531,
							25.25766
						],
						"0.4167": [
							-67.17767,
							6.11538,
							13.70054
						],
						"0.5": [
							0,
							0,
							0
						]
					},
					"position": {
						"0.0": [
							0,
							0,
							0
						],
						"0.1667": [
							-2,
							0,
							0
						],
						"0.5": [
							0,
							0,
							0
						]
					}
				},
				"chest": {
					"rotation": {
						"0.0": [
							0,
							0,
							0
						],
						"0.1667": [
							-17.5,
							0,
							0
						],
						"0.4167": [
							45,
							0,
							0
						],
						"0.5": [
							0,
							0,
							0
						]
					},
					"position": {
						"0.0": [
							0,
							0,
							0
						],
						"0.1667": [
							0,
							-1.6,
							1.8
						],
						"0.4167": [
							0,
							-3,
							4
						],
						"0.5": [
							0,
							0,
							0
						]
					}
				},
				"left_leg": {
					"rotation": {
						"0.0": [
							0,
							0,
							0
						],
						"0.1667": [
							-10,
							0,
							0
						],
						"0.4167": [
							-20,
							0,
							0
						],
						"0.5": [
							0,
							0,
							0
						]
					},
					"position": {
						"0.0": [
							0,
							0,
							0
						],
						"0.1667": [
							0,
							0.6,
							1.2
						],
						"0.4167": [
							0,
							0.9,
							3
						],
						"0.5": [
							0,
							0,
							0
						]
					}
				},
				"right_leg": {
					"rotation": {
						"0.0": [
							0,
							0,
							0
						],
						"0.1667": [
							-9.12916,
							-1.77448,
							-3.54154
						],
						"0.4167": [
							-19.12916,
							-1.77448,
							-3.54154
						],
						"0.5": [
							0,
							0,
							0
						]
					},
					"position": {
						"0.0": [
							0,
							0,
							0
						],
						"0.1667": [
							0,
							0.6,
							1.2
						],
						"0.4167": [
							0,
							0.6,
							3
						],
						"0.5": [
							0,
							0,
							0
						]
					}
				},
				"left_foot": {
					"rotation": {
						"0.0": [
							0,
							0,
							0
						],
						"0.1667": [
							10,
							0,
							0
						],
						"0.4167": [
							20,
							0,
							0
						],
						"0.5": [
							0,
							0,
							0
						]
					}
				},
				"right_foot": {
					"rotation": {
						"0.0": [
							0,
							0,
							0
						],
						"0.1667": [
							10,
							0,
							0
						],
						"0.4167": [
							20,
							0,
							0
						],
						"0.5": [
							0,
							0,
							0
						]
					}
				}
			}
		},
		"animation.odin_dindindun.walk": {
			"loop": true,
			"animation_length": 1,
			"bones": {
				"bone19": {
					"scale": 0
				},
				"bone20": {
					"scale": 0
				},
				"raig": {
					"rotation": {
						"0.0": [
							0,
							0,
							0
						],
						"1.0": [
							0,
							-357.5,
							0
						]
					},
					"scale": {
						"0.0": [
							1,
							1,
							1
						],
						"0.5": [
							1.4,
							1.4,
							1.4
						],
						"1.0": [
							1,
							1,
							1
						]
					}
				},
				"right_leg": {
					"rotation": {
						"0.0": [
							0,
							0,
							0
						],
						"0.25": [
							39,
							0,
							0
						],
						"0.5": [
							0,
							0,
							0
						],
						"0.75": [
							-37.5,
							0,
							0
						],
						"1.0": [
							0,
							0,
							0
						]
					}
				},
				"right_arm": {
					"rotation": {
						"0.0": [
							0,
							0,
							0
						],
						"0.25": [
							-37.5,
							0,
							0
						],
						"0.5": [
							0,
							0,
							0
						],
						"0.75": [
							39,
							0,
							0
						],
						"1.0": [
							0,
							0,
							0
						]
					}
				},
				"left_leg": {
					"rotation": {
						"0.0": [
							0,
							0,
							0
						],
						"0.25": [
							-37.5,
							0,
							0
						],
						"0.5": [
							0,
							0,
							0
						],
						"0.75": [
							39,
							0,
							0
						],
						"1.0": [
							0,
							0,
							0
						]
					}
				},
				"left_arm": {
					"rotation": {
						"0.0": [
							0,
							0,
							0
						],
						"0.25": [
							39,
							0,
							0
						],
						"0.5": [
							0,
							0,
							0
						],
						"0.75": [
							-37.5,
							0,
							0
						],
						"1.0": [
							0,
							0,
							0
						]
					}
				},
				"chest": {
					"position": {
						"0.0": [
							0,
							-0.4,
							0
						],
						"0.25": [
							0,
							-1,
							0
						],
						"0.5": [
							0,
							-1.4,
							0
						],
						"0.75": [
							0,
							0,
							0
						],
						"1.0": [
							0,
							-0.4,
							0
						]
					}
				},
				"right_hand": {
					"rotation": {
						"0.0": [
							0,
							0,
							0
						],
						"0.3333": [
							-17.19,
							0,
							0
						],
						"0.75": [
							-17.5,
							0,
							0
						],
						"1.0": [
							0,
							0,
							0
						]
					},
					"position": {
						"0.0": [
							0,
							0,
							0
						],
						"0.3333": [
							-0.37,
							1.21,
							0.21
						],
						"0.75": [
							-1,
							1,
							0.5
						],
						"1.0": [
							0,
							0,
							0
						]
					}
				},
				"left_foot": {
					"rotation": {
						"0.0": [
							0,
							0,
							0
						],
						"0.3333": [
							37.5,
							0,
							0
						],
						"0.75": [
							35,
							0,
							0
						],
						"1.0": [
							0,
							0,
							0
						]
					}
				},
				"right_foot": {
					"rotation": {
						"0.0": [
							0,
							0,
							0
						],
						"0.3333": [
							17.5,
							0,
							0
						],
						"0.75": [
							37.5,
							0,
							0
						],
						"1.0": [
							0,
							0,
							0
						]
					}
				},
				"left_hand": {
					"rotation": {
						"0.0": [
							0,
							0,
							0
						],
						"0.3333": [
							-17.5,
							0,
							0
						],
						"0.75": [
							-17.19,
							0,
							0
						],
						"1.0": [
							0,
							0,
							0
						]
					},
					"position": {
						"0.0": [
							0,
							0,
							0
						],
						"0.3333": [
							-1,
							1,
							0.5
						],
						"0.75": [
							-0.37,
							1.21,
							0.21
						],
						"1.0": [
							0,
							0,
							0
						]
					}
				}
			}
		},
		"animation.odin_dindindun.idle": {
			"loop": true,
			"animation_length": 2,
			"bones": {
				"body": {
					"scale": {
						"0.0": [
							1,
							1,
							1
						],
						"1.0": [
							0.95,
							0.95,
							0.95
						],
						"2.0": [
							1,
							1,
							1
						]
					}
				},
				"head": {
					"position": {
						"0.0": [
							0,
							0,
							0
						],
						"1.0": [
							0,
							-1,
							0
						],
						"2.0": [
							0,
							0,
							0
						]
					}
				},
				"right_arm": {
					"rotation": {
						"0.0": [
							0,
							0,
							0
						],
						"1.0": [
							0,
							0,
							7.5
						],
						"2.0": [
							0,
							0,
							0
						]
					}
				},
				"left_arm": {
					"rotation": {
						"0.0": [
							0,
							0,
							0
						],
						"1.0": [
							0,
							0,
							-7.5
						],
						"2.0": [
							0,
							0,
							0
						]
					}
				}
			}
		}
	}
}