{
	"format_version": "1.8.0",
	"animations": {
		"animation.orangutini_ananasini.idle": {
			"loop": true,
			"animation_length": 2,
			"bones": {
				"head": {
					"position": {
						"0.0": [
							0,
							0,
							0
						],
						"1.0": [
							0,
							-1,
							0
						],
						"2.0": [
							0,
							0,
							0
						]
					}
				},
				"body": {
					"scale": {
						"0.0": [
							1,
							1,
							1
						],
						"1.0": [
							0.95,
							0.95,
							0.95
						],
						"2.0": [
							1,
							1,
							1
						]
					}
				},
				"right_arm": {
					"rotation": {
						"0.0": [
							0,
							0,
							0
						],
						"1.0": [
							0,
							0,
							7.5
						],
						"2.0": [
							0,
							0,
							0
						]
					}
				},
				"left_arm": {
					"rotation": {
						"0.0": [
							0,
							0,
							0
						],
						"1.0": [
							0,
							0,
							-7.5
						],
						"2.0": [
							0,
							0,
							0
						]
					}
				}
			}
		},
		"animation.orangutini_ananasini.walk": {
			"loop": true,
			"animation_length": 1,
			"bones": {
				"right_leg": {
					"rotation": {
						"0.0": [
							-22.5,
							0,
							0
						],
						"0.4583": [
							45,
							0,
							0
						],
						"1.0": [
							-22.5,
							0,
							0
						]
					},
					"position": {
						"0.0": [
							0,
							0,
							0
						],
						"0.4583": [
							0,
							1.6,
							0
						],
						"1.0": [
							0,
							0,
							0
						]
					}
				},
				"right_arm": {
					"rotation": {
						"0.0": [
							17.43745,
							-1.50179,
							4.76968
						],
						"0.4583": [
							-17.56255,
							-1.50179,
							4.76968
						],
						"1.0": [
							17.43745,
							-1.50179,
							4.76968
						]
					}
				},
				"left_arm": {
					"rotation": {
						"0.0": [
							-30,
							0,
							0
						],
						"0.4583": [
							25,
							0,
							0
						],
						"1.0": [
							-30,
							0,
							0
						]
					}
				},
				"left_leg": {
					"rotation": {
						"0.0": [
							25,
							0,
							0
						],
						"0.4583": [
							-20,
							0,
							0
						],
						"1.0": [
							25,
							0,
							0
						]
					},
					"position": {
						"0.0": [
							0,
							1.6,
							0
						],
						"1.0": [
							0,
							1.6,
							0
						]
					}
				},
				"chest": {
					"rotation": {
						"0.0": [
							14.94548,
							1.29256,
							-4.83045
						],
						"0.4583": [
							-12.45392,
							1.08089,
							4.88206
						],
						"1.0": [
							14.94548,
							1.29256,
							-4.83045
						]
					}
				},
				"chest_head": {
					"rotation": {
						"0.0": [
							9.91615,
							1.29876,
							-7.38733
						],
						"0.25": [
							-0.83031,
							0.74585,
							6.6416
						],
						"0.4583": [
							-10,
							0,
							0
						],
						"0.75": [
							5.72408,
							0.69933,
							-3.97779
						],
						"1.0": [
							9.91615,
							1.29876,
							-7.38733
						]
					}
				}
			}
		},
		"animation.orangutini_ananasini.attack": {
			"animation_length": 0.5,
			"bones": {
				"left_arm": {
					"rotation": {
						"0.0": [
							0,
							0,
							0
						],
						"0.1667": [
							-155,
							0,
							0
						],
						"0.4167": [
							-66.60156,
							23.56893,
							-59.84746
						],
						"0.5": [
							0,
							0,
							0
						]
					}
				},
				"right_arm": {
					"rotation": {
						"0.0": [
							0,
							0,
							0
						],
						"0.1667": [
							-157.5,
							0,
							0
						],
						"0.4167": [
							-68.14268,
							-23.5943,
							62.25638
						],
						"0.5": [
							0,
							0,
							0
						]
					}
				},
				"chest": {
					"rotation": {
						"0.0": [
							0,
							0,
							0
						],
						"0.1667": [
							-17.5,
							0,
							0
						],
						"0.4167": [
							45,
							0,
							0
						],
						"0.5": [
							0,
							0,
							0
						]
					}
				}
			}
		}
	}
}