{
	"format_version": "1.8.0",
	"animations": {
		"animation.rarerorirararol.walk": {
			"loop": true,
			"animation_length": 1.1667,
			"bones": {
				"head": {
					"rotation": {
						"0.0": [
							0,
							0,
							0
						],
						"0.5": [
							5,
							0,
							0
						],
						"1.1667": [
							0,
							0,
							0
						]
					}
				},
				"bone": {
					"position": {
						"0.0": [
							0,
							0,
							0
						],
						"0.3333": [
							0,
							1,
							0
						],
						"0.5": [
							0,
							1.2,
							0
						],
						"0.75": [
							0,
							-1,
							0
						],
						"1.1667": [
							0,
							0,
							0
						]
					}
				},
				"chest": {
					"rotation": {
						"0.0": [
							0,
							5,
							0
						],
						"0.3333": [
							0,
							0,
							0
						],
						"0.5833": [
							0,
							-5,
							0
						],
						"1.0": [
							0,
							0,
							0
						],
						"1.1667": [
							0,
							5,
							0
						]
					},
					"position": {
						"0.0": [
							0,
							0,
							0
						],
						"0.0833": [
							0,
							-2.14,
							0
						],
						"0.1667": [
							0,
							0,
							0
						],
						"0.3333": [
							0,
							1,
							0
						],
						"0.5833": [
							0,
							0,
							0
						],
						"0.6667": [
							0,
							-1.14,
							0
						],
						"0.75": [
							0,
							0,
							0
						],
						"1.0": [
							0,
							1,
							0
						],
						"1.1667": [
							0,
							0,
							0
						]
					}
				},
				"left_arm": {
					"rotation": {
						"0.0": [
							-12.5,
							0,
							-7.5
						],
						"0.3333": [
							22.30024,
							-4.28779,
							-6.74997
						],
						"0.5": [
							38.78259,
							-5.0491,
							-13.65999
						],
						"1.1667": [
							-12.5,
							0,
							-7.5
						]
					}
				},
				"left_leg": {
					"rotation": {
						"0.0": [
							10,
							-10,
							0
						],
						"0.1667": [
							23.0144,
							-10,
							0
						],
						"0.3333": [
							0,
							-10,
							0
						],
						"0.4167": [
							-18.0394,
							-10,
							0
						],
						"0.6667": [
							-10,
							-10,
							0
						],
						"1.0": [
							0,
							-10,
							0
						],
						"1.1667": [
							10,
							-10,
							0
						]
					},
					"position": {
						"0.0": [
							0,
							1,
							1
						],
						"0.3333": [
							0,
							2,
							-1
						],
						"0.5833": [
							0,
							0.5,
							0.5
						],
						"0.6667": [
							0,
							0,
							1
						],
						"1.0": [
							0,
							0,
							0
						],
						"1.1667": [
							0,
							1,
							1
						]
					}
				},
				"right_arm": {
					"rotation": {
						"0.0": [
							39,
							0,
							0
						],
						"0.5": [
							0,
							5,
							7.5
						],
						"1.1667": [
							39,
							0,
							0
						]
					}
				},
				"right_leg": {
					"rotation": {
						"0.0": [
							-10,
							10,
							0
						],
						"0.3333": [
							0,
							10,
							0
						],
						"0.6667": [
							10,
							10,
							0
						],
						"0.8333": [
							23.0144,
							10,
							0
						],
						"1.0": [
							0,
							10,
							0
						],
						"1.1667": [
							-10,
							10,
							0
						]
					},
					"position": {
						"0.0": [
							0,
							0,
							-1
						],
						"0.3333": [
							0,
							0,
							0
						],
						"0.6667": [
							0,
							0,
							1
						],
						"1.0": [
							0,
							2,
							-1
						],
						"1.1667": [
							0,
							0,
							-1
						]
					}
				}
			}
		},
		"animation.rarerorirararol.idle": {
			"loop": true,
			"animation_length": 4,
			"bones": {
				"bone19": {
					"scale": 0
				},
				"bone20": {
					"scale": 0
				},
				"raig": {
					"rotation": {
						"0.0": [
							0,
							0,
							0
						],
						"1.0": [
							0,
							-357.5,
							0
						],
						"2.0": [
							0,
							-717.5,
							0
						],
						"3.0": [
							0,
							-1075,
							0
						],
						"4.0": [
							0,
							-1435,
							0
						]
					},
					"scale": {
						"0.0": [
							1,
							1,
							1
						],
						"0.5": [
							1.4,
							1.4,
							1.4
						],
						"1.0": [
							1,
							1,
							1
						],
						"1.5": [
							1.4,
							1.4,
							1.4
						],
						"2.0": [
							1,
							1,
							1
						],
						"2.5": [
							1.4,
							1.4,
							1.4
						],
						"3.0": [
							1,
							1,
							1
						],
						"3.5": [
							1.4,
							1.4,
							1.4
						],
						"4.0": [
							1,
							1,
							1
						]
					}
				},
				"eye": {
					"position": {
						"0.0": [
							0,
							0,
							0
						],
						"1.0": [
							1,
							0,
							0
						],
						"2.0": [
							0,
							0,
							0
						],
						"3.0": [
							-1,
							0,
							0
						],
						"4.0": [
							0,
							0,
							0
						]
					}
				},
				"chest": {
					"position": {
						"0.0": [
							0,
							-0.6,
							0
						],
						"1.0": [
							0,
							0.1,
							0
						],
						"2.0": [
							0,
							-0.6,
							0
						],
						"3.0": [
							0,
							-1,
							0
						],
						"4.0": [
							0,
							-0.6,
							0
						]
					}
				},
				"left_arm": {
					"rotation": {
						"0.0": [
							0,
							0,
							0
						],
						"2.0": [
							0,
							0,
							-7.5
						],
						"4.0": [
							0,
							0,
							0
						]
					}
				},
				"right_arm": {
					"rotation": {
						"0.0": [
							0,
							0,
							0
						],
						"2.0": [
							0,
							0,
							7.5
						],
						"4.0": [
							0,
							0,
							0
						]
					}
				}
			}
		},
		"animation.rarerorirararol.attack": {
			"animation_length": 0.375,
			"bones": {
				"mouth": {
					"rotation": {
						"0.0": [
							0,
							0,
							0
						],
						"0.125": [
							70,
							0,
							0
						],
						"0.2083": [
							2.5,
							0,
							0
						],
						"0.375": [
							0,
							0,
							0
						]
					}
				},
				"body_under": {
					"rotation": {
						"0.0": [
							0,
							0,
							0
						],
						"0.2083": [
							7.52832,
							4.95712,
							0.65426
						],
						"0.375": [
							0,
							0,
							0
						]
					},
					"position": {
						"0.0": [
							0,
							0,
							0
						],
						"0.375": [
							0,
							0,
							0
						]
					}
				},
				"tail_body": {
					"rotation": {
						"0.0": [
							0,
							0,
							0
						],
						"0.1667": [
							7.5,
							0,
							0
						],
						"0.375": [
							0,
							0,
							0
						]
					}
				},
				"head": {
					"rotation": {
						"0.0": [
							0,
							0,
							0
						],
						"0.125": [
							-37.5,
							0,
							0
						],
						"0.2083": [
							35,
							0,
							0
						],
						"0.375": [
							0,
							0,
							0
						]
					},
					"position": {
						"0.0": [
							0,
							0,
							0
						],
						"0.125": [
							0,
							2,
							2
						],
						"0.2083": [
							0,
							-10,
							-9
						],
						"0.375": [
							0,
							0,
							0
						]
					}
				},
				"bone": {
					"position": {
						"0.0": [
							0,
							0,
							0
						],
						"0.125": [
							0,
							0,
							-5.2
						],
						"0.2083": [
							0,
							5,
							-9
						],
						"0.375": [
							0,
							0,
							0
						]
					}
				},
				"chest": {
					"rotation": {
						"0.0": [
							0,
							0,
							0
						],
						"0.2083": [
							-5,
							0,
							0
						],
						"0.375": [
							0,
							0,
							0
						]
					},
					"position": {
						"0.0": [
							0,
							0,
							0
						],
						"0.2083": [
							0,
							1,
							-1
						],
						"0.375": [
							0,
							0,
							0
						]
					}
				},
				"body": {
					"rotation": {
						"0.0": [
							0,
							0,
							0
						],
						"0.125": [
							-15,
							0,
							0
						],