{
	"format_version": "1.8.0",
	"animations": {
		"animation.vaca_saturno.idle": {
			"loop": true,
			"animation_length": 2,
			"bones": {
				"chest": {
					"rotation": {
						"0.0": [
							0,
							0,
							0
						],
						"1.0": [
							15,
							0,
							0
						],
						"2.0": [
							0,
							0,
							0
						]
					}
				},
				"right_arm": {
					"rotation": {
						"0.0": [
							0,
							0,
							0
						],
						"1.0": [
							-7.5,
							0,
							0
						],
						"2.0": [
							0,
							0,
							0
						]
					}
				},
				"left_arm": {
					"rotation": {
						"0.0": [
							0,
							0,
							0
						],
						"1.0": [
							-7.5,
							0,
							0
						],
						"2.0": [
							0,
							0,
							0
						]
					}
				},
				"mouth": {
					"rotation": {
						"0.0": [
							0,
							0,
							0
						],
						"1.0": [
							17.5,
							0,
							0
						],
						"2.0": [
							0,
							0,
							0
						]
					}
				},
				"ruedo": {
					"rotation": {
						"0.0": [
							0,
							0,
							0
						],
						"2.0": [
							0,
							0,
							360
						]
					},
					"scale": {
						"0.0": [
							1.2,
							1.2,
							1
						],
						"2.0": [
							1.2,
							1.2,
							1
						]
					}
				},
				"head": {
					"rotation": {
						"0.0": [
							0,
							0,
							0
						],
						"1.0": [
							-10,
							0,
							0
						],
						"2.0": [
							0,
							0,
							0
						]
					}
				}
			}
		},
		"animation.vaca_saturno.walk": {
			"loop": true,
			"animation_length": 1,
			"bones": {
				"chest": {
					"rotation": {
						"0.0": [
							4.99527,
							-0.21782,
							4.9905
						],
						"0.25": [
							-1.25,
							0,
							0
						],
						"0.5": [
							7.47178,
							0.65182,
							-7.45744
						],
						"0.75": [
							-1.25,
							0,
							0
						],
						"1.0": [
							4.99527,
							-0.21782,
							4.9905
						]
					}
				},
				"head": {
					"rotation": {
						"0.0": [
							0,
							0,
							5
						],
						"0.5": [
							0,
							0,
							-7.5
						],
						"1.0": [
							0,
							0,
							5
						]
					}
				},
				"right_arm": {
					"rotation": {
						"0.0": [
							-44.92287,
							1.91134,
							4.62111
						],
						"0.5": [
							44.29026,
							-8.65289,
							6.06152
						],
						"1.0": [
							-44.92287,
							1.91134,
							4.62111
						]
					},
					"position": {
						"0.0": [
							0.3,
							-0.8,
							0.7
						],
						"0.5": [
							0.3,
							-0.8,
							-1.9
						],
						"1.0": [
							0.3,
							-0.8,
							0.7
						]
					}
				},
				"left_arm": {
					"rotation": {
						"0.0": [
							44.92287,
							1.91134,
							-4.62111
						],
						"0.5": [
							-44.85441,
							-3.38544,
							-0.69104
						],
						"1.0": [
							44.92287,
							1.91134,
							-4.62111
						]
					},
					"position": {
						"0.0": [
							-0.3,
							-0.8,
							-1.5
						],
						"0.5": [
							-0.2,
							-0.8,
							1.4
						],
						"1.0": [
							-0.3,
							-0.8,
							-1.5
						]
					}
				},
				"left_leg": {
					"rotation": {
						"0.0": [
							-45,
							0,
							0
						],
						"0.5": [
							22.5,
							0,
							0
						],
						"1.0": [
							-45,
							0,
							0
						]
					},
					"position": {
						"0.0": [
							0,
							-0.9,
							0
						],
						"0.25": [
							0,
							-0.6,
							0
						],
						"0.5": [
							0,
							0,
							0
						],
						"0.75": [
							0,
							1,
							0
						],
						"1.0": [
							0,
							-0.9,
							0
						]
					}
				},
				"right_leg": {
					"rotation": {
						"0.0": [
							45,
							0,
							0
						],
						"0.5": [
							-45,
							0,
							0
						],
						"1.0": [
							45,
							0,
							0
						]
					},
					"position": {
						"0.0": [
							0,
							0,
							0
						],
						"0.25": [
							0,
							1,
							0
						],
						"0.5": [
							0,
							-0.9,
							0
						],
						"0.75": [
							0,
							-0.2,
							0
						],
						"1.0": [
							0,
							0,
							0
						]
					}
				},
				"ruedo": {
					"rotation": {
						"0.0": [
							0,
							0,
							0
						],
						"1.0": [
							0,
							0,
							0
						]
					},
					"scale": {
						"0.0": [
							1.2,
							1.2,
							1
						],
						"0.5": [
							1.1,
							1.1,
							1
						],
						"1.0": [
							1.2,
							1.2,
							1
						]
					}
				}
			}
		},
		"animation.vaca_saturno.attack": {
			"loop": "hold_on_last_frame",
			"animation_length": 0.25,
			"bones": {
				"chest": {
					"rotation": {
						"0.0": [
							0,
							0,
							0
						],
						"0.0833": [
							-17.5,
							0,
							0
						],
						"0.1667": [
							7.5,
							0,
							0
						],
						"0.25": [
							0,
							0,
							0
						]
					}
				},
				"right_arm": {
					"rotation": {
						"0.0": [
							0,
							0,
							0
						],
						"0.25": [
							0,
							0,
							0
						]
					},
					"position": {
						"0.0": [
							0,
							0,
							0
						],
						"0.25": [
							0,
							0,
							0
						]
					}
				},
				"left_arm": {
					"rotation": {
						"0.0": [
							0,
							0,
							0
						],
						"0.25": [
							0,
							0,
							0
						]
					}
				},
				"mouth": {
					"rotation": {
						"0.0": [
							0,
							0,
							0
						],
						"0.0833": [
							15,
							0,
							0
						],
						"0.1667": [
							35,
							0,
							0
						],
						"0.25": [
							0,
							0,
							0
						]
					}
				}
			}
		},
		"animation.vaca_saturno.attack2": {
			"animation_length": 2.5,
			"bones": {
				"chest": {
					"rotation": {
						"0.0": [
							0,
							0,
							0
						],
						"2.5": [
							0,
							0,
							0
						]
					}
				},
				"mouth": {
					"rotation": {
						"0.0": [
							0,
							0,
							0
						],
						"2.5": [
							0,
							0,
							0
						]
					}
				},
				"right_leg": {
					"position": {
						"0.0": [
							0,
							0,
							0
						],
						"0.1": [
							0,
							14,
							0
						],
						"2.3": [
							0,
							14,
							0
						],
						"2.5": [
							0,
							0,
							0
						]
					}
				},
				"left_leg": {
					"position": {
						"0.0": [
							0,
							0,
							0
						],
						"0.1": [
							-1,
							15,
							0
						],
						"2.3": [
							-1,
							15,
							0
						],
						"2.5": [
							0,
							0,
							0
						]
					}
				},
				"body": {
					"scale": {
						"0.0": [
							1.2,
							1.2,
							1
						],
						"0.3": [
							2,
							2,
							2
						],
						"0.5": [
							1.2,
							1.2,
							1
						],
						"0.8": [
							2,
							2,
							2
						],
						"1.0": [
							1.2,
							1.2,
							1
						],
						"1.3": [
							2,
							2,
							2
						],
						"1.5": [
							1.2,
							1.2,
							1
						],
						"1.8": [
							2,
							2,
							2
						],
						"2.0": [
							1.2,
							1.2,
							1
						],
						"2.3": [
							2,
							2,
							2
						],
						"2.5": [
							1.2,
							1.2,
							1
						]
					}
				},
				"ruedo": {
					"rotation": {
						"0.0": [
							0,
							0,
							0
						],
						"1.0": [
							0,
							0,
							360
						],
						"2.3": [
							0,
							0,
							1080
						],
						"2.5": [
							0,
							0,
							0
						]
					}
				},
				"head": {
					"rotation": {
						"0.0": [
							10,
							0,
							0
						],
						"2.5": [
							10,
							0,
							0
						]
					},
					"position": {
						"0.0": [
							0,
							0,
							0
						],
						"0.1": [
							0,
							0,
							15
						],
						"2.3": [
							0,
							0,
							15
						],
						"2.5": [
							0,
							0,
							0
						]
					},
					"scale": {
						"0.0": [
							1,
							1,
							1
						],
						"0.1": [
							0,
							0,
							0
						],