 {
  "format_version": "1.21.80",
  "minecraft:lighting_settings": {
    "description": {
      "identifier": "ale:cherry_lighting"
    },
    "directional_lights": {
      "orbital": {
      "sun": {
        "illuminance": {
          "0.000000": 215,
          "0.215000": 165,
          "0.240000": 53,
          "0.250000": 15,
          "0.300000": 0,
          "0.310000": 0,
          "0.650000": 5,
          "0.660000": 30,
          "0.670000": 30,
          "0.680000": 30,
          "0.740000": 2,
          "0.770000": 215,
          "0.827000": 355
        },
        "color": {
          "0.000000": [255, 156,110],
          "0.215000": [ 255, 110,25],
          "0.300000": [  295, 22,0],
          "0.670000": [ 45, 188, 236],
          "0.680000": [ 179,  51, 31 ],
          "0.690000": [ 245, 89, 65],
          "0.740000": [ 255, 70,20 ],
          "0.770000": [ 255, 70,20 ],
          "0.800000": [ 255, 106,60 ]
        }
      },
        "moon": {
        "illuminance": {
          "0.000000": 1.2,
          "0.730000": 1.2,
          "0.740000": 1.2
        },
        "color": {
          "0.000000": [250, 250, 250]
         }
      },
      "orbital_offset_degrees": {
        "0.000000": 307.0,
        "0.215000": 320.0,
        "0.827000": 320.0
     
      }
    },
    "flash": {
      "illuminance": 0.1,
      "color": [ 0, 0, 0 ]
    }
  },
    "emissive": {
      "desaturation": 0.07
    },
    "ambient": {
      "illuminance": 0.2,
      "color": [50, 30, 60]
    },
    "sky": {
      "intensity": 0.6
    }
  }
}
