{
  "format_version": "1.21.80",
  "minecraft:lighting_settings": {
    "description": {
      "identifier": "ale:cold_lighting"
    },
    "directional_lights": {
      "orbital": {
      "sun": {
        "illuminance": {
          "0.000000": 175,
          "0.215000": 60,
          "0.240000": 53,
          "0.250000": 15,
          "0.300000": 0,
          "0.310000": 0,
          "0.650000": 0,
          "0.660000": 0,
          "0.670000": 0,
          "0.680000": 0,
          "0.740000": 0,
          "0.770000": 115,
          "0.827000": 125
        },
        "color": {
          "0.000000": [120, 170, 255],
          "0.215000": [ 120, 170, 255],
          "0.300000": [120, 170, 255],
          "0.670000": [120, 170, 255],
          "0.680000": [120, 170, 255 ],
          "0.690000": [120, 170, 255],
          "0.740000": [120, 170, 255],
          "0.770000": [120, 170, 255],
          "0.800000": [120, 170, 255]
        }
      },
      "moon": {
        "illuminance": {
          "0.000000": 9.2,
          "0.730000": 9.2,
          "0.740000": 9.2
        },
        "color": {
          "0.000000": [210, 246, 255]
         }
      },
      "orbital_offset_degrees": {
        "0.000000": 307.0,
        "0.215000": 320.0,
        "0.827000": 320.0
     
      }
    },
    "flash": {
      "illuminance": 0.10,
      "color": [ 182, 0, 255 ]
    }
  },
    "emissive": {
      "desaturation": 0.07
    },
    "ambient": {
      "illuminance": 0.2,
      "color": [10, 30, 50]
    },
    "sky": {
      "intensity": 0.25
    }
  }
}
