{
  "format_version": "1.21.80",
  "minecraft:lighting_settings": {
    "description": {
      "identifier": "ale:forest_lighting"
    },
    "directional_lights": {
      "orbital": {
        "sun": {
          "illuminance": {
            "0.000000": 140,
            "0.215000": 180,
            "0.240000": 10,
            "0.350000": 0,
            "0.680000": 0,
            "0.740000": 5,
            "0.770000": 180,
            "0.827000": 220
          },
          "color": {
            "0.000000": [255, 220, 180],
            "0.215000": [255, 60, 30],
            "0.260000": [0, 0, 0],
            "0.300000": [0, 0, 0],
            "0.670000": [0, 0, 0],
            "0.740000": [255, 70, 10],
            "0.770000": [255, 70, 10],
            "0.800000": [255, 190, 140]
          }
        },
        "moon": {
          "illuminance": {
            "0.000000": 5.0,
            "0.730000": 5.0,
            "0.740000": 8.0
          },
          "color": {
            "0.000000": [0,60,250]
          }
        },
        "orbital_offset_degrees": {
          "0.000000": 307.0,
          "0.215000": 320.0,
          "0.500000": 307.0,
          "0.827000": 320.0
        }
      }
    },
    "flash": {
      "illuminance": 0.2,
      "color": [55, 0, 55 ]
    },
    "emissive": {
      "desaturation": 0.05
    },
    "ambient": {
      "illuminance": 0.3,
      "color": [20, 20, 25]
    },
    "sky": {
      "intensity": 0.4
    }
  }
}
