{
  "format_version": "1.21.80",
  "minecraft:lighting_settings": {
    "description": {
      "identifier": "ale:swamp_lighting"
    },
    "directional_lights": {
      "orbital": {
      "sun": {
        "illuminance": {
          "0.000000": 175,
          "0.215000": 160,
          "0.240000": 53,
          "0.250000": 15,
          "0.300000": 0,
          "0.310000": 0,
          "0.650000": 5,
          "0.660000": 30,
          "0.670000": 30,
          "0.680000": 30,
          "0.740000": 2,
          "0.770000": 115,
          "0.827000": 125
        },
        "color": {
          "0.000000": [155, 106,80],
          "0.215000": [195, 106,80],
          "0.300000": [  295, 22,0],
          "0.670000": [ 45, 188, 236],
          "0.680000": [ 179,  51, 31 ],
          "0.690000": [ 245, 89, 65],
          "0.740000": [ 255, 70,20 ],
          "0.770000": [ 255, 70,20 ],
          "0.800000": [ 255, 136,90 ]
        }
      },
      "moon": {
        "illuminance": {
          "0.000000": 1.2,
          "0.730000": 1.2,
          "0.740000": 1.2
        },
        "color": {
          "0.000000": [5, 250, 155]
         }
      },
      "orbital_offset_degrees": {
        "0.000000": 307.0,
        "0.215000": 320.0,
        "0.827000": 320.0
     
      }
    },
    "flash": {
      "illuminance": 125.0,
      "color": [ 182, 0, 255 ]
    }
  },
    "emissive": {
      "desaturation": 0.07
    },
    "ambient": {
      "illuminance": 0.2,
      "color": [10, 50, 30]
    },
    "sky": {
      "intensity": 0.25
    }
  }
}
