{
  "format_version": "1.21.80",
  "minecraft:lighting_settings": {
    "description": {
      "identifier": "minecraft:default_lighting"
    },

    "directional_lights": {
      "orbital": {

        "sun": {
          "illuminance": {
            "0.000000": 110,
            "0.150000": 100,
            "0.190000": 85,
            "0.220000":  52,
            "0.230000":  28,
            "0.240000":  12,
            "0.250000":   2.5,
            "0.260000":   0.8,
            "0.300000":   0.4,
            "0.350000":   0.4,
            "0.500000":   0.4,
            "0.650000":   0.4,
            "0.700000":   0.4,
            "0.720000":   0.7,
            "0.740000":   2.5,
            "0.750000":  12,
            "0.760000":  28,
            "0.780000":  58,
            "0.800000":  95,
            "0.827000": 110
          },
          "color": {
            "0.000000": [255, 218, 178],
            "0.150000": [255, 205, 155],
            "0.190000": [255, 188, 130],
            "0.220000": [255, 145,  75],
            "0.230000": [255, 108,  42],
            "0.240000": [255,  75,  18],
            "0.250000": [220,  55,  10],
            "0.300000": [ 80,  28,   8],
            "0.500000": [ 60,  22,   8],
            "0.700000": [ 60,  22,   8],
            "0.740000": [220,  55,  10],
            "0.750000": [255,  72,  16],
            "0.760000": [255, 105,  40],
            "0.770000": [255, 142,  70],
            "0.800000": [255, 192, 132],
            "0.827000": [255, 215, 172]
          }
        },

        "moon": {
          "illuminance": {
            "0.000000": 0.55,
            "0.250000": 0.55,
            "0.270000": 0.38,
            "0.300000": 0.28,
            "0.500000": 0.28,
            "0.700000": 0.28,
            "0.720000": 0.38,
            "0.750000": 0.55,
            "0.810000": 0.55
          },
          "color": {
            "0.000000": [145, 172, 235],
            "0.250000": [140, 168, 230],
            "0.350000": [138, 165, 228],
            "0.500000": [135, 162, 225],
            "0.650000": [138, 165, 228],
            "0.750000": [140, 168, 230],
            "1.000000": [145, 172, 235]
          }
        },

        "orbital_offset_degrees": {
          "0.000000": 50.0,
          "0.220000": 30.0,
          "0.500000": 50.0,
          "0.780000": 30.0,
          "0.827000": 50.0
        }

      },

      "flash": {
        "illuminance": 0.0,
        "color": [200, 160, 255]
      }
    },

    "emissive": {
      "desaturation": 0.18
    },

    "ambient": {
      "illuminance": 0.068,
      "color": [68, 80, 105]
    },

    "sky": {
      "intensity": 0.38
    },

    "sun_rays": {
      "enabled": true,
      "color": [255, 218, 172],
      "intensity": 1.05,
      "scatter_strength": 0.30
    }
  }
}
