{
	"format_version": "1.8.0",
	"animations": {
		"animation.ballerino_lololo.attack2": {
			"animation_length": 2.0098,
			"bones": {
				"right_arm": {
					"rotation": {
						"0.0": [
							4.06553,
							64.21182,
							58.63452
						],
						"0.2083": [
							51.04342,
							24.1782,
							161.67748
						],
						"0.5833": [
							51.04342,
							24.1782,
							161.67748
						],
						"0.625": [
							-144.19847,
							-5.08751,
							13.21972
						],
						"1.875": [
							-144.19847,
							-5.08751,
							13.21972
						],
						"2.0": [
							4.06553,
							64.21182,
							58.63452
						]
					},
					"position": {
						"0.0": [
							4,
							0,
							0
						],
						"0.0833": [
							5,
							0,
							0
						],
						"0.2083": [
							1,
							0,
							0
						],
						"0.5833": [
							1,
							0,
							0
						],
						"0.625": [
							1,
							0,
							0
						],
						"1.875": [
							1,
							0,
							0
						],
						"2.0": [
							4,
							0,
							0
						]
					}
				},
				"left_arm": {
					"rotation": {
						"0.0": [
							-164.62661,
							-2.56578,
							57.3326
						],
						"0.2083": [
							51.04342,
							-24.1782,
							-161.67748
						],
						"0.5833": [
							51.04342,
							-24.1782,
							-161.67748
						],
						"0.625": [
							-144.2,
							5.09,
							-13.22
						],
						"1.875": [
							-144.2,
							5.09,
							-13.22
						],
						"2.0": [
							-164.62661,
							-2.56578,
							57.3326
						]
					},
					"position": {
						"0.0": [
							-2,
							0,
							0
						],
						"0.0833": [
							0,
							0,
							0
						],
						"0.2083": [
							-1,
							0,
							0
						],
						"0.5833": [
							-1,
							0,
							0
						],
						"0.625": [
							-1,
							0,
							0
						],
						"1.875": [
							-1,
							0,
							0
						],
						"2.0": [
							-2,
							0,
							0
						]
					}
				},
				"right_leg": {
					"rotation": {
						"0.0": [
							-2.74715,
							12.19908,
							-12.79362
						],
						"0.0833": [
							0,
							0,
							0
						],
						"0.625": [
							0,
							0,
							0
						],
						"1.875": [
							0,
							0,
							0
						],
						"2.0": [
							-2.74715,
							12.19908,
							-12.79362
						]
					},
					"position": {
						"0.0": [
							-0.5,
							0,
							0
						],
						"0.0833": [
							0,
							0,
							0
						],
						"0.625": [
							0,
							0,
							0
						],
						"1.875": [
							0,
							0,
							0
						],
						"2.0": [
							-0.5,
							0,
							0
						]
					}
				},
				"left_leg": {
					"rotation": {
						"0.0": [
							1.03913,
							-15.75987,
							9.19751
						],
						"0.0833": [
							0,
							0,
							0
						],
						"0.625": [
							0,
							0,
							0
						],
						"1.875": [
							0,
							0,
							0
						],
						"2.0": [
							1.03913,
							-15.75987,
							9.19751
						]
					},
					"position": {
						"0.0": [
							0.5,
							0,
							1
						],
						"0.0833": [
							0,
							0,
							0
						],
						"0.625": [
							0,
							0,
							0
						],
						"1.875": [
							0,
							0,
							0
						],
						"2.0": [
							0.5,
							0,
							1
						]
					}
				},
				"torso": {
					"rotation": {
						"0.0": [
							7.5,
							0,
							0
						],
						"0.0833": [
							-12.5,
							0,
							0
						],
						"0.5833": [
							-22.5,
							0,
							0
						],
						"0.625": [
							52.5,
							0,
							0
						],
						"1.875": [
							52.5,
							0,
							0
						],
						"2.0": [
							7.5,
							0,
							0
						]
					},
					"position": {
						"0.0": [
							0,
							0,
							0
						],
						"0.0833": [
							0,
							0,
							0
						],
						"0.5833": [
							0,
							0,
							0
						],
						"0.625": [
							0,
							-5,
							-6
						],
						"1.875": [
							0,
							-5,
							-6
						],
						"2.0": [
							0,
							0,
							0
						]
					}
				},
				"tutu": {
					"rotation": {
						"0.0": [
							0,
							0,
							-2.5
						],
						"0.0833": [
							0,
							0,
							0
						],
						"0.625": [
							0,
							0,
							0
						],
						"1.875": [
							0,
							0,
							0
						],
						"2.0": [
							0,
							0,
							-2.5
						]
					},
					"position": {
						"0.0": [
							0,
							0,
							0
						],
						"0.0833": [
							0,
							0,
							0
						],
						"0.625": [
							0,
							0,
							0
						],
						"1.875": [
							0,
							0,
							0
						],
						"2.0": [
							0,
							0,
							0
						]
					}
				},
				"canita": {
					"rotation": {
						"0.0": [
							0,
							0,
							0
						],
						"0.0833": [
							0,
							0,
							0
						],
						"0.625": [
							0,
							0,
							0
						],
						"1.875": [
							0,
							0,
							0
						],
						"2.0": [
							0,
							0,
							0
						]
					},
					"position": {
						"0.0": [
							0,
							0,
							0
						],
						"0.0833": [
							0,
							0,
							0
						],
						"0.625": [
							0,
							0,
							0
						],
						"1.875": [
							0,
							0,
							0
						],
						"2.0": [
							0,
							0,
							0
						]
					}
				},
				"purple": {
					"rotation": {
						"0.625": [
							0,
							0,
							0
						],
						"1.8333": [
							0,
							0,
							1440
						]
					},
					"position": {
						"0.0": [
							0,
							0,
							-1000000
						],
						"0.5833": [
							0,
							0,
							-1000000
						],
						"0.625": [
							0,
							0,
							-169
						],
						"1.8333": [
							0,
							0,
							-169
						],
						"1.875": [
							0,
							0,
							-1000000
						],
						"1.9167": [
							0,
							0,
							0
						]
					},
					"scale": {
						"0.5833": [
							1,
							1,
							1
						],
						"0.625": [
							2,
							2,
							55
						],
						"1.875": [
							0,
							0,
							0
						]
					}
				},
				"circle": {
					"rotation": {
						"0.625": [
							0,
							0,
							0
						],
						"2.0": [
							0,
							0,
							1440
						]
					},
					"position": {
						"0.0": [
							0,
							0,
							-1000000
						],
						"0.5833": [
							0,
							0,
							-1000000
						],
						"0.625": [
							0,
							0,
							-306
						],
						"1.8333": [
							0,
							0,
							-306
						],
						"1.875": [
							0,
							0,
							-1000000
						]
					},
					"scale": {
						"0.625": [
							2.5,
							2.5,
							2.5
						],
						"1.2917": [
							4,
							4,
							4
						]
					}
				}
			}
		},
		"animation.ballerino_lololo.idle": {
			"loop": true,
			"animation_length": 2.0833,
			"bones": {
				"right_arm": {
					"rotation": {
						"0.0": [
							4.06553,
							64.21182,
							58.63452
						],
						"1.0833": [
							21.56553,
							64.21182,
							58.63452
						],
						"2.0833": [
							4.06553,
							64.21182,
							58.63452
						]
					},
					"position": {
						"0.0": [
							4,
							0,
							0
						],
						"2.0833": [
							4,
							0,
							0
						]
					}
				},
				"left_arm": {
					"rotation": {
						"0.0": [
							-164.62661,
							-2.56578,
							57.3326
						],
						"1.0833": [
							-164.48502,
							1.45005,
							42.8765
						],
						"2.0833": [
							-164.62661,
							-2.56578,
							57.3326
						]
					},
					"position": {
						"0.0": [
							-2,
							0,
							0
						],
						"2.0833": [
							-2,
							0,
							0
						]
					}
				},
				"right_leg": {
					"rotation": [
						-2.74715,
						12.19908,
						-12.79362
					],
					"position": [
						-0.5,
						0,
						0
					]
				},
				"left_leg": {
					"rotation": [
						1.03913,
						-15.75987,
						9.19751
					],
					"position": [
						0.5,
						0,
						1
					]
				},
				"torso": {
					"rotation": {
						"0.0": [
							7.5,
							0,
							0
						],