{
	"format_version": "1.8.0",
	"animations": {
		"animation.bobritobandito.walk": {
			"loop": true,
			"animation_length": 1.4167,
			"bones": {
				"right_leg": {
					"rotation": {
						"0.0": [
							-10,
							10,
							0
						],
						"0.4167": [
							0,
							10,
							0
						],
						"0.75": [
							10,
							10,
							0
						],
						"0.9167": [
							23.0144,
							10,
							0
						],
						"1.0833": [
							0,
							10,
							0
						],
						"1.25": [
							-18.0394,
							10,
							0
						],
						"1.4167": [
							-10,
							10,
							0
						]
					},
					"position": {
						"0.0": [
							0,
							0,
							-2
						],
						"0.4167": [
							0,
							0,
							0
						],
						"0.75": [
							0,
							0,
							1
						],
						"1.0833": [
							0,
							4,
							0
						],
						"1.4167": [
							0,
							0,
							-2
						]
					}
				},
				"left_leg": {
					"rotation": {
						"0.0": [
							10,
							-10,
							0
						],
						"0.1667": [
							23.0144,
							-10,
							0
						],
						"0.4167": [
							0,
							-10,
							0
						],
						"0.5": [
							-18.0394,
							-10,
							0
						],
						"0.75": [
							-10,
							-10,
							0
						],
						"1.0833": [
							0,
							-10,
							0
						],
						"1.4167": [
							10,
							-10,
							0
						]
					},
					"position": {
						"0.0": [
							0,
							0,
							1
						],
						"0.4167": [
							0,
							4,
							0
						],
						"0.75": [
							0,
							0,
							-2
						],
						"1.0833": [
							0,
							0,
							0
						],
						"1.4167": [
							0,
							0,
							1
						]
					}
				},
				"head": {
					"rotation": {
						"0.0": [
							5.07673,
							-9.96156,
							-0.88045
						],
						"0.3333": [
							0,
							0,
							0
						],
						"0.6667": [
							5.07673,
							9.96156,
							0.88045
						],
						"1.0417": [
							0,
							0,
							0
						],
						"1.4167": [
							5.07673,
							-9.96156,
							-0.88045
						]
					}
				},
				"all": {
					"rotation": {
						"0.0": [
							0,
							5,
							0
						],
						"0.2917": [
							0,
							0,
							0
						],
						"0.5": [
							0,
							-5,
							0
						],
						"0.7917": [
							0,
							5,
							0
						],
						"1.4167": [
							0,
							5,
							0
						]
					}
				},
				"torso": {
					"rotation": {
						"0.0": [
							-3.46148,
							7.10943,
							-7.55121
						],
						"0.3333": [
							0,
							0,
							0
						],
						"0.6667": [
							-3.46148,
							-7.10943,
							7.55121
						],
						"1.0417": [
							0,
							0,
							0
						],
						"1.4167": [
							-3.46148,
							7.10943,
							-7.55121
						]
					}
				},
				"helmet": {
					"position": {
						"0.0": [
							0,
							0,
							0
						],
						"0.2083": [
							0,
							-0.25,
							0
						],
						"0.4167": [
							0,
							0,
							0
						],
						"0.5": [
							0,
							0,
							0
						],
						"0.625": [
							0,
							0,
							0
						],
						"0.75": [
							0,
							-0.25,
							0
						],
						"1.3333": [
							0,
							0,
							0
						],
						"1.4167": [
							0,
							0,
							0
						]
					}
				},
				"hair": {
					"rotation": {
						"0.0": [
							0,
							0,
							0
						],
						"0.3333": [
							10,
							0,
							0
						],
						"0.625": [
							0,
							0,
							0
						],
						"0.7917": [
							10,
							0,
							0
						],
						"1.4167": [
							0,
							0,
							0
						]
					}
				}
			}
		},
		"animation.bobritobandito.idle": {
			"loop": true,
			"animation_length": 2.0833,
			"bones": {
				"head": {
					"rotation": {
						"0.0": [
							0,
							0,
							0
						],
						"1.5417": [
							12.5,
							0,
							0
						],
						"2.0833": [
							0,
							0,
							0
						]
					}
				},
				"right_leg": {
					"rotation": [
						0,
						12.5,
						0
					],
					"position": [
						-0.5,
						0,
						0
					]
				},
				"left_leg": {
					"rotation": [
						5.17544,
						-14.94159,
						-6.3378
					],
					"position": [
						0.5,
						0,
						1
					]
				},
				"torso": {
					"rotation": {
						"0.0": [
							0,
							0,
							0
						],
						"0.2917": [
							2.5,
							0,
							0
						],
						"1.0417": [
							0,
							0,
							0
						],
						"1.625": [
							-2.5,
							0,
							0
						],
						"2.0833": [
							0,
							0,
							0
						]
					},
					"position": {
						"0.0": [
							0,
							0,
							0
						],
						"1.0417": [
							0,
							-0.5,
							0
						],
						"2.0833": [
							0,
							0,
							0
						]
					}
				}
			}
		},
		"animation.bobritobandito.attack": {
			"animation_length": 1.25,
			"bones": {
				"head": {
					"rotation": {
						"0.0": [
							0,
							0,
							0
						],
						"0.1667": [
							29.45,
							0,
							0
						],
						"0.3333": [
							-17.29,
							0,
							0
						],
						"0.375": [
							-27.75,
							0,
							0
						],
						"0.4167": [
							-6.13,
							0,
							0
						],
						"0.4583": [
							-18.01,
							0,
							0
						],
						"0.5": [
							-26.76,
							0,
							0
						],
						"0.625": [
							-3.01,
							0,
							0
						],
						"1.0417": [
							-19.05,
							0,
							0
						],
						"1.25": [
							0,
							0,
							0
						]
					}
				},
				"right_arm": {
					"rotation": {
						"0.0": [
							0,
							0,
							0
						],
						"0.125": [
							-7.5,
							0,
							0
						],
						"1.0417": [
							-7.5,
							0,
							0
						],
						"1.25": [
							0,
							0,
							0
						]
					},
					"position": {
						"0.0": [
							0,
							0,
							0
						],
						"1.25": [
							0,
							0,
							0
						]
					}
				},
				"left_arm": {
					"rotation": {
						"0.0": [
							0,
							0,
							0
						],
						"0.0833": [
							0.3449,
							41.12411,
							21.97395
						],
						"0.25": [
							-36.13034,
							48.30905,
							3.65658
						],
						"0.375": [
							7.73327,
							39.80623,
							18.24981
						],
						"1.0": [
							7.73327,
							39.80623,
							18.24981
						],
						"1.25": [
							0,
							0,
							0
						]
					},
					"position": {
						"0.0": [
							0,
							0,
							0
						],
						"1.25": [
							0,
							0,
							0
						]
					}
				},
				"right_leg": {
					"rotation": [
						0,
						12.5,
						0
					],
					"position": [
						-0.5,
						0,
						0
					]
				},
				"left_leg": {
					"rotation": [
						5.17544,
						-14.94159,
						-6.3378
					],
					"position": [
						0.5,
						0,
						1
					]
				},
				"torso": {
					"rotation": {
						"0.0": [
							0,
							0,
							0
						],
						"0.1667": [
							-28.57,
							0,
							0
						],
						"0.2917": [
							10,
							0,
							0
						],
						"0.375": [
							28.1,
							0,
							0
						],
						"0.4167": [
							10,
							0,
							0
						],
						"0.5": [
							28.1,
							0,
							0
						],
						"0.5417": [
							10,
							0,
							0
						],
						"1.0417": [
							15,
							0,
							0
						],
						"1.25": [
							0,
							0,
							0
						]
					},
					"position": {
						"0.0": [
							0,
							0,
							0
						],
						"1.0417": [
							0,
							-0.5,
							0
						],
						"1.25": [
							0,
							0,
							0
						]
					}
				},
				"weapon": {
					"rotation": {
						"0.0": [
							0,
							0,
							0
						],
						"0.0833": [
							-0.33287,
							57.47698,
							2.56843
						],
						"0.25": [
							34.66713,
							57.47698,
							2.56843
						],
						"0.5": [
							-7.83287,
							57.47698,
							2.56843
						],
						"1.125": [
							-7.83287,
							57.47698,
							2.56843
						],
						"1.25": [
							0,
							0,
							0
						]
					},
					"position": {
						"0.0": [
							0,
							0,
							0
						],