{
	"format_version": "1.8.0",
	"animations": {
		"animation.bombombiniguzini.walk": {
			"loop": true,
			"animation_length": 1.2417,
			"bones": {
				"h": {
					"rotation": {
						"0.0": [
							0,
							0,
							7.5
						],
						"0.5833": [
							0,
							0,
							-7.5
						],
						"1.25": [
							0,
							0,
							7.5
						]
					}
				},
				"rtat": {
					"rotation": {
						"0.0": [
							0,
							0,
							-7.5
						],
						"0.2917": [
							0,
							0,
							7.14
						],
						"0.5833": [
							0,
							0,
							7.5
						],
						"0.9583": [
							0,
							0,
							-8.75
						],
						"1.25": [
							0,
							0,
							-7.5
						]
					}
				},
				"right_leg": {
					"rotation": {
						"0.0": [
							-10,
							10,
							0
						],
						"0.375": [
							0,
							10,
							0
						],
						"0.6667": [
							10,
							10,
							0
						],
						"0.7917": [
							23.0144,
							10,
							0
						],
						"0.9583": [
							0,
							10,
							0
						],
						"1.0833": [
							-18.0394,
							10,
							0
						],
						"1.25": [
							-10,
							10,
							0
						]
					},
					"position": {
						"0.0": [
							0,
							0,
							-2
						],
						"0.375": [
							0,
							0,
							0
						],
						"0.6667": [
							0,
							0,
							1
						],
						"0.9583": [
							0,
							4,
							0
						],
						"1.25": [
							0,
							0,
							-2
						]
					}
				},
				"small_wing": {
					"rotation": [
						0,
						-45,
						0
					]
				},
				"left_wing": {
					"rotation": [
						16.0129,
						37.15855,
						25.41377
					]
				},
				"right_wing2": {
					"rotation": [
						16.0129,
						-37.15855,
						-25.41377
					]
				},
				"small_wing3": {
					"rotation": [
						0,
						45,
						0
					]
				},
				"left_leg": {
					"rotation": {
						"0.0": [
							10,
							-10,
							0
						],
						"0.125": [
							23.0144,
							-10,
							0
						],
						"0.375": [
							0,
							-10,
							0
						],
						"0.4583": [
							-18.0394,
							-10,
							0
						],
						"0.6667": [
							-10,
							-10,
							0
						],
						"0.9583": [
							0,
							-10,
							0
						],
						"1.25": [
							10,
							-10,
							0
						]
					},
					"position": {
						"0.0": [
							0,
							0,
							1
						],
						"0.375": [
							0,
							4,
							0
						],
						"0.6667": [
							0,
							0,
							-2
						],
						"0.9583": [
							0,
							0,
							0
						],
						"1.25": [
							0,
							0,
							1
						]
					}
				},
				"torso": {
					"rotation": {
						"0.0": [
							-2.82625,
							7.38382,
							-2.51852
						],
						"0.2917": [
							0,
							0,
							0
						],
						"0.5833": [
							-2.82625,
							-7.38382,
							2.51852
						],
						"0.9167": [
							0,
							0,
							0
						],
						"1.25": [
							-2.82625,
							7.38382,
							-2.51852
						]
					}
				},
				"pluma": {
					"rotation": {
						"0.0": [
							0,
							0,
							0
						],
						"0.2083": [
							6,
							0,
							0
						],
						"0.625": [
							0,
							0,
							0
						],
						"1.0417": [
							6,
							0,
							0
						],
						"1.25": [
							0,
							0,
							0
						]
					}
				}
			}
		},
		"animation.bombombiniguzini.idle": {
			"animation_length": 6.8287,
			"bones": {
				"torso": {
					"rotation": {
						"0.0": [
							0,
							0,
							0
						],
						"2.7917": [
							17.5,
							0,
							0
						],
						"6.8333": [
							0,
							0,
							0
						]
					}
				},
				"right_wing2": {
					"rotation": [
						39.12526,
						9.8362,
						-69.17497
					]
				},
				"left_wing": {
					"rotation": [
						39.12526,
						-9.8362,
						69.17497
					]
				},
				"h": {
					"rotation": {
						"0.0": [
							0,
							0,
							0
						],
						"2.2083": [
							-15,
							0,
							0
						],
						"6.8333": [
							0,
							0,
							0
						]
					}
				},
				"rtat": {
					"rotation": {
						"0.0": [
							0,
							0,
							0
						],
						"1.9583": [
							15,
							0,
							0
						],
						"6.8333": [
							0,
							0,
							0
						]
					}
				}
			}
		},
		"animation.bombombiniguzini.angry_walk": {
			"loop": true,
			"animation_length": 0.9615,
			"bones": {
				"all": {
					"position": {
						"0.0": [
							0,
							9,
							0
						],
						"0.5": [
							0,
							0,
							0
						],
						"0.9583": [
							0,
							9,
							0
						]
					}
				},
				"left_leg": {
					"rotation": [
						60,
						0,
						0
					]
				},
				"right_leg": {
					"rotation": [
						60,
						0,
						0
					]
				},
				"right_wing2": {
					"rotation": {
						"0.0": [
							0,
							-30,
							0
						],
						"0.375": [
							0,
							17.5,
							0
						],
						"0.9583": [
							0,
							-30,
							0
						]
					}
				},
				"small_wing3": {
					"rotation": {
						"0.0": [
							0,
							-20,
							0
						],
						"0.625": [
							0,
							45,
							0
						],
						"0.9583": [
							0,
							-20,
							0
						]
					}
				},
				"r5": {
					"rotation": {
						"0.0": [
							0,
							0,
							0
						],
						"0.9583": [
							0,
							720,
							0
						]
					}
				},
				"r6": {
					"rotation": {
						"0.0": [
							0,
							0,
							0
						],
						"0.9583": [
							0,
							720,
							0
						]
					}
				},
				"left_wing": {
					"rotation": {
						"0.0": [
							0,
							30,
							0
						],
						"0.375": [
							0,
							-17.5,
							0
						],
						"0.9583": [
							0,
							30,
							0
						]
					}
				},
				"small_wing": {
					"rotation": {
						"0.0": [
							0,
							20,
							0
						],
						"0.625": [
							0,
							-45,
							0
						],
						"0.9583": [
							0,
							20,
							0
						]
					}
				},
				"r2": {
					"rotation": {
						"0.0": [
							0,
							0,
							0
						],
						"0.9583": [
							0,
							-720,
							0
						]
					}
				},
				"r": {
					"rotation": {
						"0.0": [
							0,
							0,
							0
						],
						"0.9583": [
							0,
							-720,
							0
						]
					}
				},
				"h": {
					"rotation": {
						"0.0": [
							17.5,
							0,
							0
						],
						"0.25": [
							25,
							0,
							0
						],
						"0.9583": [
							17.5,
							0,
							0
						]
					}
				},
				"head": {
					"rotation": {
						"0.0": [
							-20,
							0,
							0
						],
						"0.9583": [
							-20,
							0,
							0
						]
					}
				},
				"pluma": {
					"rotation": {
						"0.0": [
							0,
							0,
							0
						],
						"0.375": [
							25,
							0,
							0
						],
						"0.9583": [
							0,
							0,
							0
						]
					}
				}
			}
		},
		"animation.bombombiniguzini.attack": {
			"animation_length": 0.9615,
			"bones": {
				"all": {
					"rotation": {
						"0.0": [
							0,
							0,
							0
						],
						"0.125": [
							-42.5,
							0,
							0
						],
						"0.2917": [
							52.5,
							0,
							0
						],
						"0.375": [
							52.5,
							0,
							0
						],
						"0.5417": [
							-18.75,
							0,
							0
						],
						"0.9583": [
							0,
							0,
							0
						]
					},
					"position": {
						"0.0": [
							0,
							0,
							0
						],
						"0.125": [
							0,
							9,
							0
						],
						"0.2917": [
							0,
							-24.4,
							-35
						],
						"0.375": [
							0,
							-24.4,
							-79
						],
						"0.5417": [
							0,
							32.67,
							-65.83
						],
						"0.75": [
							0,
							14.16,
							3.47
						],
						"0.9583": [
							0,
							0,
							0
						]
					}
				},
				"left_leg": {
					"rotation": [
						60,
						0,
						0
					]
				},
				"right_leg": {
					"rotation": [
						60,
						0,
						0
					]
				},
				"right_wing2": {
					"rotation": {
						"0.0": [
							0,
							-30,
							0
						],