{
	"format_version": "1.8.0",
	"animations": {
		"animation.boneca_ambalabu.attack": {
			"animation_length": 0.5,
			"bones": {
				"h": {
					"rotation": {
						"0.0": [
							0,
							0,
							0
						],
						"0.25": [
							-30,
							0,
							0
						],
						"0.5": [
							0,
							0,
							0
						]
					}
				},
				"tongue": {
					"scale": {
						"0.1667": [
							1,
							1,
							1
						],
						"0.25": [
							1,
							1,
							8.2
						],
						"0.4167": [
							1,
							1,
							9.9
						],
						"0.5": [
							1,
							1,
							1
						]
					}
				},
				"right_leg": {
					"rotation": {
						"0.0": [
							0,
							0,
							0
						],
						"0.125": [
							16.47027,
							24.09293,
							6.8817
						],
						"0.5": [
							0,
							0,
							0
						]
					},
					"position": {
						"0.0": [
							0,
							0,
							0
						],
						"0.125": [
							0,
							-1,
							0
						],
						"0.2917": [
							0,
							-0.5,
							0
						],
						"0.5": [
							0,
							0,
							0
						]
					}
				},
				"left_leg": {
					"rotation": {
						"0.0": [
							0,
							0,
							0
						],
						"0.125": [
							-32.5,
							0,
							0
						],
						"0.25": [
							0,
							-12.5,
							0
						],
						"0.375": [
							18.54835,
							-19.03771,
							-6.24605
						],
						"0.5": [
							0,
							0,
							0
						]
					},
					"position": {
						"0.0": [
							0,
							0,
							0
						],
						"0.125": [
							0,
							0,
							0
						],
						"0.25": [
							0,
							0.04,
							-1
						],
						"0.3333": [
							0,
							0.06,
							0.67
						],
						"0.5": [
							0,
							0,
							0
						]
					}
				},
				"torso": {
					"rotation": {
						"0.0": [
							0,
							0,
							0
						],
						"0.1667": [
							-22.5,
							0,
							0
						],
						"0.25": [
							25,
							0,
							0
						],
						"0.5": [
							0,
							0,
							0
						]
					}
				},
				"top": {
					"rotation": {
						"0.0": [
							0,
							0,
							0
						],
						"0.25": [
							-57.5,
							0,
							0
						],
						"0.5": [
							0,
							0,
							0
						]
					}
				}
			}
		},
		"animation.boneca_ambalabu.idle": {
			"loop": true,
			"animation_length": 3.1667,
			"bones": {
				"torso": {
					"position": {
						"0.0": [
							0,
							0.5,
							0
						],
						"0.9583": [
							0,
							0,
							0
						],
						"3.1667": [
							0,
							0.5,
							0
						]
					}
				},
				"h": {
					"rotation": {
						"0.0": [
							0,
							0,
							0
						],
						"0.6667": [
							7.5,
							0,
							0
						],
						"3.1667": [
							0,
							0,
							0
						]
					}
				},
				"wheel": {
					"rotation": {
						"0.0": [
							-4,
							0,
							0
						],
						"1.25": [
							4,
							0,
							0
						],
						"3.1667": [
							-4,
							0,
							0
						]
					}
				},
				"mouth": {
					"scale": {
						"0.0": [
							1,
							1,
							1
						],
						"0.9167": [
							1.0812,
							1.3,
							0.9812
						],
						"1.7917": [
							1,
							1,
							1
						],
						"2.5417": [
							1.0812,
							1.3,
							0.9812
						],
						"3.1667": [
							1,
							1,
							1
						]
					}
				}
			}
		},
		"animation.boneca_ambalabu.walk": {
			"loop": true,
			"animation_length": 1.2917,
			"bones": {
				"right_leg": {
					"rotation": {
						"0.0": [
							-22.5,
							0,
							0
						],
						"0.125": [
							-15,
							0,
							0
						],
						"0.3333": [
							7.5,
							0,
							0
						],
						"0.5": [
							20,
							0,
							0
						],
						"0.6667": [
							15,
							0,
							0
						],
						"0.8333": [
							12.5,
							0,
							0
						],
						"0.9583": [
							-10,
							0,
							0
						],
						"1.125": [
							-40,
							0,
							0
						],
						"1.2917": [
							-22.5,
							0,
							0
						]
					}
				},
				"right_shin": {
					"rotation": {
						"0.0": [
							0,
							0,
							0
						],
						"0.125": [
							35,
							0,
							0
						],
						"0.3333": [
							7.5,
							0,
							0
						],
						"0.5": [
							1.25,
							0,
							0
						],
						"0.6667": [
							35,
							0,
							0
						],
						"0.8333": [
							57.5,
							0,
							0
						],
						"0.9583": [
							85,
							0,
							0
						],
						"1.125": [
							77.5,
							0,
							0
						],
						"1.2917": [
							0,
							0,
							0
						]
					}
				},
				"h": {
					"rotation": {
						"0.0": [
							-0.43688,
							-4.98093,
							5.019
						],
						"0.2917": [
							0,
							0,
							0
						],
						"0.6667": [
							-0.43688,
							4.98093,
							-5.019
						],
						"1.0": [
							0,
							0,
							0
						],
						"1.2917": [
							-0.43688,
							-4.98093,
							5.019
						]
					}
				},
				"right_foot": {
					"rotation": {
						"0.0": [
							0,
							0,
							0
						],
						"0.125": [
							-22.5,
							0,
							0
						],
						"0.3333": [
							-15,
							0,
							0
						],
						"0.5": [
							4.7918,
							2.7528,
							2.78922
						],
						"0.6667": [
							-25,
							0,
							0
						],
						"0.8333": [
							-25,
							0,
							0
						],
						"0.9583": [
							-42.5,
							0,
							0
						],
						"1.125": [
							-45,
							0,
							0
						],
						"1.2917": [
							0,
							0,
							0
						]
					}
				},
				"left_leg": {
					"rotation": {
						"0.0": [
							15,
							0,
							0
						],
						"0.125": [
							12.5,
							0,
							0
						],
						"0.3333": [
							-10,
							0,
							0
						],
						"0.5": [
							-40,
							0,
							0
						],
						"0.6667": [
							-22.5,
							0,
							0
						],
						"0.8333": [
							-15,
							0,
							0
						],
						"0.9583": [
							7.5,
							0,
							0
						],
						"1.125": [
							20,
							0,
							0
						],
						"1.2917": [
							15,
							0,
							0
						]
					}
				},
				"left_shin": {
					"rotation": {
						"0.0": [
							35,
							0,
							0
						],
						"0.125": [
							57.5,
							0,
							0
						],
						"0.3333": [
							85,
							0,
							0
						],
						"0.5": [
							77.5,
							0,
							0
						],
						"0.6667": [
							0,
							0,
							0
						],
						"0.8333": [
							35,
							0,
							0
						],
						"0.9583": [
							7.5,
							0,
							0
						],
						"1.125": [
							1.25,
							0,
							0
						],
						"1.2917": [
							35,
							0,
							0
						]
					}
				},
				"left_foot": {
					"rotation": {
						"0.0": [
							-25,
							0,
							0
						],
						"0.125": [
							-42.5,
							0,
							0
						],
						"0.3333": [
							-2.5,
							0,
							0
						],
						"0.5": [
							-45,
							0,
							0
						],
						"0.6667": [
							0,
							0,
							0
						],
						"0.8333": [
							-22.5,
							0,
							0
						],
						"0.9583": [
							-15,
							0,
							0
						],
						"1.125": [
							-10.2082,
							2.7528,
							2.78922
						],
						"1.2917": [
							-25,
							0,
							0
						]
					}
				},
				"wheel": {
					"position": {
						"0.0": [
							0,
							1,
							0
						],
						"0.5": [
							0,
							0.7,
							0
						],
						"1.2917": [
							0,
							1,
							0
						]
					}
				},
				"torso": {
					"rotation": {
						"0.0": [
							0,
							0,
							0
						],
						"0.25": [
							7.5,
							0,
							0
						],
						"0.5833": [
							0,
							0,
							0
						],
						"1.0": [
							7.5,
							0,
							0
						],
						"1.2917": [
							0,
							0,
							0
						]
					},
					"position": {
						"0.0": [
							0,
							-0.5,
							0
						],
						"0.0833": [
							0,
							0,
							0
						],
						"0.4167": [
							0,
							0,
							0
						],
						"0.6667": [
							0,
							-0.5,
							0
						],