{
	"format_version": "1.8.0",
	"animations": {
		"animation.bri_bri_bicus_dicus_debicus_dedicus.idle": {
			"animation_length": 4,
			"bones": {
				"left_arm": {
					"rotation": {
						"0.0": [
							-63.99329,
							-23.18704,
							-14.19125
						],
						"0.9375": [
							-53.99329,
							-23.18704,
							-14.19125
						],
						"1.9375": [
							-63.99329,
							-23.18704,
							-14.19125
						],
						"3.0": [
							-53.99329,
							-23.18704,
							-14.19125
						],
						"4.0": [
							-63.99329,
							-23.18704,
							-14.19125
						]
					},
					"position": {
						"0.0": [
							0.9,
							0.9,
							0
						],
						"1.9375": [
							0.9,
							0.9,
							0
						],
						"4.0": [
							0.9,
							0.9,
							0
						]
					}
				},
				"right_arm": {
					"rotation": {
						"0.0": [
							0,
							0,
							17.5
						],
						"0.9375": [
							10,
							0,
							17.5
						],
						"1.9375": [
							0,
							0,
							17.5
						],
						"3.0": [
							10,
							0,
							17.5
						],
						"4.0": [
							0,
							0,
							17.5
						]
					},
					"position": {
						"0.0": [
							-0.7,
							0,
							0
						],
						"1.9375": [
							-0.7,
							0,
							0
						],
						"4.0": [
							-0.7,
							0,
							0
						]
					}
				},
				"torso": {
					"position": {
						"0.0": [
							0,
							0,
							0
						],
						"1.0": [
							0,
							-1,
							0
						],
						"2.0": [
							0,
							0,
							0
						],
						"3.0": [
							0,
							-1,
							0
						],
						"4.0": [
							0,
							0,
							0
						]
					}
				},
				"nose": {
					"rotation": {
						"0.0": [
							0,
							0,
							0
						],
						"0.625": [
							5,
							0,
							0
						],
						"1.75": [
							0,
							0,
							0
						],
						"2.75": [
							5,
							0,
							0
						],
						"4.0": [
							0,
							0,
							0
						]
					}
				}
			}
		},
		"animation.bri_bri_bicus_dicus_debicus_dedicus.walk": {
			"loop": true,
			"animation_length": 1.25,
			"bones": {
				"h": {
					"rotation": {
						"0.0": [
							0,
							0,
							0
						],
						"0.2917": [
							0,
							0,
							2.5
						],
						"0.7917": [
							0,
							0,
							-2.5
						],
						"1.25": [
							0,
							0,
							0
						]
					}
				},
				"left_arm": {
					"rotation": {
						"0.0": [
							-22.13867,
							8.07884,
							-3.69712
						],
						"0.625": [
							18.29388,
							-16.66577,
							-5.41615
						],
						"1.25": [
							-22.13867,
							8.07884,
							-3.69712
						]
					},
					"position": {
						"0.0": [
							0,
							0,
							0
						],
						"0.2917": [
							0,
							-2,
							0
						],
						"1.25": [
							0,
							0,
							0
						]
					}
				},
				"right_leg": {
					"rotation": {
						"0.0": [
							10,
							-10,
							0
						],
						"0.1667": [
							23.0144,
							-10,
							0
						],
						"0.2917": [
							0,
							-10,
							0
						],
						"0.4583": [
							-18.0394,
							-10,
							0
						],
						"0.625": [
							-10,
							-10,
							0
						],
						"0.9167": [
							0,
							-10,
							0
						],
						"1.25": [
							10,
							-10,
							0
						]
					},
					"position": {
						"0.0": [
							0,
							1,
							1
						],
						"0.2917": [
							0,
							4,
							0
						],
						"0.4583": [
							0,
							5,
							-2
						],
						"0.625": [
							0,
							0,
							-4
						],
						"0.9167": [
							0,
							0,
							0
						],
						"1.25": [
							0,
							1,
							1
						]
					}
				},
				"all": {
					"position": {
						"0.0": [
							0,
							0,
							0
						],
						"0.1667": [
							0,
							0,
							0
						],
						"0.4583": [
							0,
							0,
							0
						],
						"0.625": [
							0,
							0,
							0
						],
						"0.7917": [
							0,
							0,
							0
						],
						"1.0833": [
							0,
							-1,
							0
						],
						"1.25": [
							0,
							0,
							0
						]
					}
				},
				"left_leg": {
					"rotation": {
						"0.0": [
							-10,
							10,
							0
						],
						"0.2917": [
							0,
							10,
							0
						],
						"0.625": [
							10,
							10,
							0
						],
						"0.7917": [
							23.0144,
							10,
							0
						],
						"0.9167": [
							0,
							10,
							0
						],
						"1.0833": [
							-18.0394,
							10,
							0
						],
						"1.25": [
							-10,
							10,
							0
						]
					},
					"position": {
						"0.0": [
							0,
							0,
							-4
						],
						"0.2917": [
							0,
							0,
							0
						],
						"0.625": [
							0,
							1,
							1
						],
						"0.9167": [
							0,
							4,
							0
						],
						"1.0833": [
							0,
							5,
							-2
						],
						"1.25": [
							0,
							0,
							-4
						]
					}
				},
				"right_arm": {
					"rotation": {
						"0.0": [
							18.29388,
							16.66577,
							5.41615
						],
						"0.625": [
							-22.13867,
							-8.07884,
							3.69712
						],
						"1.25": [
							18.29388,
							16.66577,
							5.41615
						]
					},
					"position": {
						"0.0": [
							0,
							-2,
							0
						],
						"0.9167": [
							0,
							0,
							0
						],
						"1.25": [
							0,
							-2,
							0
						]
					}
				},
				"torso": {
					"rotation": {
						"0.0": [
							0,
							5,
							0
						],
						"0.2917": [
							0,
							0,
							0
						],
						"0.625": [
							0,
							-5,
							0
						],
						"0.9167": [
							0,
							0,
							0
						],
						"1.25": [
							0,
							5,
							0
						]
					},
					"position": {
						"0.0": [
							0,
							0,
							0
						],
						"0.1667": [
							0,
							0,
							0
						],
						"0.2917": [
							0,
							1,
							0
						],
						"0.625": [
							0,
							-1.14,
							0
						],
						"0.7917": [
							0,
							0,
							0
						],
						"0.9167": [
							0,
							1,
							0
						],
						"1.25": [
							0,
							0,
							0
						]
					}
				},
				"bone": {
					"rotation": {
						"0.0": [
							0,
							0,
							0
						],
						"0.2917": [
							10,
							0,
							0
						],
						"1.25": [
							0,
							0,
							0
						]
					}
				},
				"nose": {
					"rotation": {
						"0.0": [
							0,
							0,
							0
						],
						"0.2917": [
							0,
							5,
							0
						],
						"0.625": [
							0,
							0,
							0
						],
						"0.9167": [
							0,
							-5,
							0
						],
						"1.25": [
							0,
							0,
							0
						]
					}
				},
				"head": {
					"rotation": {
						"0.0": [
							0,
							0,
							5
						],
						"0.2917": [
							5,
							0,
							0
						],
						"0.5833": [
							0,
							0,
							-5
						],
						"0.9167": [
							-5,
							0,
							0
						],
						"1.25": [
							0,
							0,
							5
						]
					}
				},
				"capa": {
					"rotation": {
						"0.0": [
							9.96295,
							0.86351,
							-4.90359
						],
						"0.2917": [
							3.71,
							0,
							0
						],
						"0.5833": [
							12.46295,
							-0.86351,
							4.90359
						],
						"0.9167": [
							3.71,
							0,
							0
						],
						"1.25": [
							9.96295,
							0.86351,
							-4.90359
						]
					}
				}
			}
		},
		"animation.bri_bri_bicus_dicus_debicus_dedicus.attack": {
			"animation_length": 1,
			"bones": {
				"left_arm": {
					"rotation": {
						"0.0": [
							0,
							0,
							0
						],
						"0.3333": [
							-73.77794,
							-71.82124,
							-15.45201
						],
						"0.5833": [
							-64.29805,
							11.86729,
							-95.37569
						],
						"0.8333": [
							-64.3,
							11.87,
							-95.38
						],
						"1.0": [
							0,
							0,
							0
						]
					}
				},
				"right_leg": {
					"rotation": {
						"0.0": [
							0,
							0,
							0
						],
						"0.1667": [
							0,
							-17.5,
							0
						],