{
	"format_version": "1.8.0",
	"animations": {
		"animation.brrbrr_patapin.attack": {
			"animation_length": 1.375,
			"bones": {
				"left_arm": {
					"rotation": {
						"0.0": [
							0,
							0,
							0
						],
						"0.4167": [
							35.36981,
							4.04364,
							-7.30804
						],
						"0.625": [
							-112.96154,
							-38.08112,
							28.02737
						],
						"1.0833": [
							-112.96,
							-38.08,
							28.03
						],
						"1.375": [
							0,
							0,
							0
						]
					}
				},
				"right_leg": {
					"rotation": {
						"0.0": [
							0,
							0,
							0
						],
						"0.5": [
							67.5,
							0,
							0
						],
						"0.6667": [
							-80,
							0,
							0
						],
						"1.0833": [
							-80,
							0,
							0
						],
						"1.375": [
							0,
							0,
							0
						]
					}
				},
				"left_leg": {
					"rotation": {
						"0.0": [
							0,
							0,
							0
						],
						"0.4167": [
							0,
							0,
							0
						],
						"0.5833": [
							0,
							12.5,
							0
						],
						"1.0417": [
							0,
							12.5,
							0
						],
						"1.375": [
							0,
							0,
							0
						]
					},
					"position": {
						"0.0": [
							0,
							0,
							0
						],
						"0.4167": [
							1,
							0,
							0
						],
						"0.5833": [
							2,
							0,
							5
						],
						"1.0417": [
							2,
							0,
							5
						],
						"1.375": [
							0,
							0,
							0
						]
					}
				},
				"right_arm": {
					"rotation": {
						"0.0": [
							0,
							0,
							0
						],
						"0.4167": [
							35.36981,
							-4.04364,
							7.30804
						],
						"0.625": [
							-112.96154,
							38.08112,
							-28.02737
						],
						"1.0833": [
							-112.96,
							38.08,
							-28.03
						],
						"1.375": [
							0,
							0,
							0
						]
					}
				},
				"torso": {
					"rotation": {
						"0.0": [
							0,
							0,
							0
						],
						"0.4583": [
							27.5,
							0,
							0
						],
						"0.7083": [
							-32.5,
							0,
							0
						],
						"1.0833": [
							-40,
							0,
							0
						],
						"1.375": [
							0,
							0,
							0
						]
					}
				},
				"bone": {
					"rotation": {
						"0.0": [
							0,
							0,
							0
						],
						"0.375": [
							22.5,
							0,
							0
						],
						"0.8333": [
							0,
							0,
							0
						],
						"1.0833": [
							0,
							0,
							0
						],
						"1.375": [
							0,
							0,
							0
						]
					}
				},
				"nose": {
					"rotation": {
						"0.0": [
							0,
							0,
							0
						],
						"0.5417": [
							30,
							0,
							0
						],
						"0.75": [
							-32.5,
							0,
							0
						],
						"0.875": [
							0,
							0,
							0
						],
						"1.0833": [
							0,
							0,
							0
						],
						"1.375": [
							0,
							0,
							0
						]
					}
				}
			}
		},
		"animation.brrbrr_patapin.walk": {
			"loop": true,
			"animation_length": 1.2384,
			"bones": {
				"h": {
					"rotation": {
						"0.0": [
							0,
							0,
							0
						],
						"0.2917": [
							0,
							0,
							2.5
						],
						"0.7917": [
							0,
							0,
							-2.5
						],
						"1.25": [
							0,
							0,
							0
						]
					}
				},
				"left_arm": {
					"rotation": {
						"0.0": [
							-22.13867,
							8.07884,
							-3.69712
						],
						"0.625": [
							18.29388,
							-16.66577,
							-5.41615
						],
						"1.25": [
							-22.13867,
							8.07884,
							-3.69712
						]
					},
					"position": {
						"0.0": [
							0,
							0,
							0
						],
						"0.2917": [
							0,
							-2,
							0
						],
						"1.25": [
							0,
							0,
							0
						]
					}
				},
				"right_leg": {
					"rotation": {
						"0.0": [
							10,
							-10,
							0
						],
						"0.1667": [
							23.0144,
							-10,
							0
						],
						"0.2917": [
							0,
							-10,
							0
						],
						"0.4583": [
							-18.0394,
							-10,
							0
						],
						"0.625": [
							-10,
							-10,
							0
						],
						"0.9167": [
							0,
							-10,
							0
						],
						"1.25": [
							10,
							-10,
							0
						]
					},
					"position": {
						"0.0": [
							0,
							1,
							1
						],
						"0.2917": [
							0,
							4,
							0
						],
						"0.4583": [
							0,
							5,
							-2
						],
						"0.625": [
							0,
							0,
							-4
						],
						"0.9167": [
							0,
							0,
							0
						],
						"1.25": [
							0,
							1,
							1
						]
					}
				},
				"all": {
					"position": {
						"0.0": [
							0,
							0,
							0
						],
						"0.1667": [
							0,
							0,
							0
						],
						"0.4583": [
							0,
							0,
							0
						],
						"0.625": [
							0,
							0,
							0
						],
						"0.7917": [
							0,
							0,
							0
						],
						"1.0833": [
							0,
							-1,
							0
						],
						"1.25": [
							0,
							0,
							0
						]
					}
				},
				"left_leg": {
					"rotation": {
						"0.0": [
							-10,
							10,
							0
						],
						"0.2917": [
							0,
							10,
							0
						],
						"0.625": [
							10,
							10,
							0
						],
						"0.7917": [
							23.0144,
							10,
							0
						],
						"0.9167": [
							0,
							10,
							0
						],
						"1.0833": [
							-18.0394,
							10,
							0
						],
						"1.25": [
							-10,
							10,
							0
						]
					},
					"position": {
						"0.0": [
							0,
							0,
							-4
						],
						"0.2917": [
							0,
							0,
							0
						],
						"0.625": [
							0,
							1,
							1
						],
						"0.9167": [
							0,
							4,
							0
						],
						"1.0833": [
							0,
							5,
							-2
						],
						"1.25": [
							0,
							0,
							-4
						]
					}
				},
				"right_arm": {
					"rotation": {
						"0.0": [
							18.29388,
							16.66577,
							5.41615
						],
						"0.625": [
							-22.13867,
							-8.07884,
							3.69712
						],
						"1.25": [
							18.29388,
							16.66577,
							5.41615
						]
					},
					"position": {
						"0.0": [
							0,
							-2,
							0
						],
						"0.9167": [
							0,
							0,
							0
						],
						"1.25": [
							0,
							-2,
							0
						]
					}
				},
				"torso": {
					"rotation": {
						"0.0": [
							0,
							5,
							0
						],
						"0.2917": [
							0,
							0,
							0
						],
						"0.625": [
							0,
							-5,
							0
						],
						"0.9167": [
							0,
							0,
							0
						],
						"1.25": [
							0,
							5,
							0
						]
					},
					"position": {
						"0.0": [
							0,
							0,
							0
						],
						"0.1667": [
							0,
							0,
							0
						],
						"0.2917": [
							0,
							1,
							0
						],
						"0.625": [
							0,
							-1.14,
							0
						],
						"0.7917": [
							0,
							0,
							0
						],
						"0.9167": [
							0,
							1,
							0
						],
						"1.25": [
							0,
							0,
							0
						]
					}
				},
				"bone": {
					"rotation": {
						"0.0": [
							0,
							0,
							0
						],
						"0.2917": [
							10,
							0,
							0
						],
						"1.25": [
							0,
							0,
							0
						]
					}
				},
				"nose": {
					"rotation": {
						"0.0": [
							0,
							0,
							0
						],
						"0.2917": [
							0,
							5,
							0
						],
						"0.625": [
							0,
							0,
							0
						],
						"0.9167": [
							0,
							-5,
							0
						],
						"1.25": [
							0,
							0,
							0
						]
					}
				}
			}
		},
		"animation.brrbrr_patapin.idle": {
			"loop": true,
			"animation_length": 4,
			"bones": {
				"left_arm": {
					"rotation": {
						"0.0": [
							0,
							0,
							0
						],
						"1.125": [
							0,
							0,
							-2.5
						],
						"2.0": [
							0,
							0,
							0
						],
						"3.125": [
							0,
							0,
							-2.5
						],
						"4.0": [
							0,
							0,
							0
						]
					}
				},