{
	"format_version": "1.8.0",
	"animations": {
		"animation.chimpanzini_bananini.walk": {
			"loop": true,
			"animation_length": 0.8333,
			"bones": {
				"head": {
					"rotation": {
						"0.0": [
							0,
							0,
							0
						],
						"0.1667": [
							-20,
							0,
							0
						],
						"0.4167": [
							10.74,
							0,
							0
						],
						"0.8333": [
							0,
							0,
							0
						]
					}
				},
				"body": {
					"rotation": {
						"0.0": [
							0,
							0,
							0
						],
						"0.25": [
							-7.5,
							0,
							0
						],
						"0.5": [
							5,
							0,
							0
						],
						"0.8333": [
							0,
							0,
							0
						]
					}
				},
				"bone": {
					"rotation": {
						"0.0": [
							0,
							0,
							0
						],
						"0.3333": [
							-27.5,
							0,
							0
						],
						"0.8333": [
							0,
							0,
							0
						]
					}
				},
				"bone2": {
					"rotation": {
						"0.0": [
							0,
							0,
							0
						],
						"0.3333": [
							-27.5,
							0,
							0
						],
						"0.8333": [
							0,
							0,
							0
						]
					}
				},
				"bone3": {
					"rotation": {
						"0.0": [
							0,
							0,
							0
						],
						"0.3333": [
							-27.5,
							0,
							0
						],
						"0.8333": [
							0,
							0,
							0
						]
					}
				},
				"bone4": {
					"rotation": {
						"0.0": [
							0,
							0,
							0
						],
						"0.3333": [
							-27.5,
							0,
							0
						],
						"0.8333": [
							0,
							0,
							0
						]
					}
				},
				"body2": {
					"rotation": {
						"0.0": [
							0,
							0,
							0
						],
						"0.3333": [
							0,
							-12.5,
							0
						],
						"0.625": [
							0.20035,
							3.09455,
							19.95236
						],
						"0.8333": [
							0,
							0,
							0
						]
					},
					"scale": {
						"0.0": [
							1,
							1,
							1
						],
						"0.25": [
							1,
							1,
							1.4
						],
						"0.4167": [
							1,
							1,
							0.8
						],
						"0.6667": [
							1,
							1,
							1
						]
					}
				},
				"body3": {
					"rotation": {
						"0.0": [
							0,
							0,
							0
						],
						"0.3333": [
							0,
							7.5,
							0
						],
						"0.625": [
							-1.93799,
							3.71691,
							-27.56289
						],
						"0.8333": [
							0,
							0,
							0
						]
					}
				},
				"all": {
					"rotation": {
						"0.0": [
							0,
							0,
							0
						],
						"0.2917": [
							12.5,
							0,
							0
						],
						"0.5417": [
							-5,
							0,
							0
						],
						"0.8333": [
							0,
							0,
							0
						]
					},
					"position": {
						"0.0": [
							0,
							0,
							0
						],
						"0.2083": [
							0,
							4,
							0
						],
						"0.375": [
							0,
							0,
							-6
						],
						"0.8333": [
							0,
							0,
							0
						]
					},
					"scale": {
						"0.0": [
							1,
							1,
							1
						],
						"0.125": [
							1,
							1.2,
							1
						],
						"0.2917": [
							1,
							0.8,
							1
						],
						"0.4583": [
							1,
							1,
							1
						]
					}
				},
				"nose": {
					"scale": {
						"0.0": [
							1,
							1,
							1
						],
						"0.375": [
							1,
							1,
							1.2
						],
						"0.5": [
							1,
							1,
							0.8
						],
						"0.8333": [
							1,
							1,
							1
						]
					}
				},
				"bone5": {
					"rotation": {
						"0.0": [
							0,
							0,
							0
						],
						"0.2917": [
							0,
							-22.5,
							0
						],
						"0.5": [
							0,
							25,
							0
						],
						"0.8333": [
							0,
							0,
							0
						]
					}
				},
				"bone6": {
					"rotation": {
						"0.0": [
							0,
							0,
							0
						],
						"0.2917": [
							0,
							22.5,
							0
						],
						"0.5": [
							0,
							-25,
							0
						],
						"0.8333": [
							0,
							0,
							0
						]
					}
				}
			}
		},
		"animation.chimpanzini_bananini.attack": {
			"animation_length": 0.75,
			"bones": {
				"head": {
					"rotation": {
						"0.0": [
							0,
							0,
							0
						],
						"0.1667": [
							-25,
							0,
							0
						],
						"0.25": [
							55,
							0,
							0
						],
						"0.75": [
							0,
							0,
							0
						]
					},
					"position": {
						"0.0": [
							0,
							0,
							0
						],
						"0.25": [
							0,
							-1,
							0
						],
						"0.75": [
							0,
							0,
							0
						]
					},
					"scale": {
						"0.0": [
							1,
							1,
							1
						],
						"0.25": [
							1,
							1.6,
							1
						],
						"0.75": [
							1,
							1,
							1
						]
					}
				},
				"body": {
					"rotation": {
						"0.0": [
							0,
							0,
							0
						],
						"0.1667": [
							12.5,
							0,
							0
						],
						"0.2917": [
							-7.5,
							0,
							0
						],
						"0.75": [
							0,
							0,
							0
						]
					}
				},
				"bone": {
					"rotation": {
						"0.0": [
							0,
							0,
							0
						],
						"0.1667": [
							-20,
							0,
							0
						],
						"0.3333": [
							10,
							0,
							0
						],
						"0.75": [
							0,
							0,
							0
						]
					}
				},
				"bone2": {
					"rotation": {
						"0.0": [
							0,
							0,
							0
						],
						"0.1667": [
							10,
							0,
							0
						],
						"0.2917": [
							-35,
							0,
							0
						],
						"0.75": [
							0,
							0,
							0
						]
					}
				},
				"bone3": {
					"rotation": {
						"0.0": [
							0,
							0,
							0
						],
						"0.25": [
							-25,
							0,
							0
						],
						"0.4167": [
							17.5,
							0,
							0
						],
						"0.75": [
							0,
							0,
							0
						]
					}
				},
				"bone4": {
					"rotation": {
						"0.0": [
							0,
							0,
							0
						],
						"0.1667": [
							22.86,
							0,
							0
						],
						"0.2917": [
							-30,
							0,
							0
						],
						"0.75": [
							0,
							0,
							0
						]
					}
				},
				"body2": {
					"rotation": {
						"0.0": [
							0,
							0,
							0
						],
						"0.1667": [
							0,
							0,
							-37.5
						],
						"0.375": [
							0,
							0,
							27.5
						],
						"0.75": [
							0,
							0,
							0
						]
					}
				},
				"all": {
					"scale": {
						"0.0": [
							1,
							1,
							1
						],
						"0.125": [
							1,
							1.2,
							1
						],
						"0.2083": [
							1,
							0.8,
							1
						],
						"0.3333": [
							1,
							1,
							1
						]
					}
				}
			}
		},
		"animation.chimpanzini_bananini.idle": {
			"loop": true,
			"animation_length": 1.9676,
			"bones": {
				"head": {
					"rotation": {
						"0.0": [
							0,
							0,
							0
						],
						"0.4583": [
							0,
							0,
							-5
						],
						"0.9167": [
							0,
							0,
							0
						],
						"1.375": [
							0,
							0,
							5
						],
						"1.9583": [
							0,
							0,
							0
						]
					}
				},
				"all": {
					"scale": {
						"0.0": [
							1,
							1,
							1
						],
						"0.4583": [
							1,
							0.8,
							1
						],
						"1.9583": [
							1,
							1,
							1
						]
					}
				}
			}
		}
	}
}