{
	"format_version": "1.8.0",
	"animations": {
		"animation.fruli_frula.idle": {
			"loop": true,
			"animation_length": 1.4583,
			"bones": {
				"all": {
					"position": {
						"0.0": [
							0,
							0,
							0
						],
						"0.625": [
							0,
							-0.9,
							0
						],
						"1.4583": [
							0,
							0,
							0
						]
					},
					"scale": {
						"0.0": [
							1,
							1,
							1
						],
						"0.625": [
							1,
							0.91,
							1
						],
						"1.4583": [
							1,
							1,
							1
						]
					}
				},
				"left_wing": {
					"rotation": {
						"0.0": [
							0,
							0,
							0
						],
						"0.625": [
							0,
							0,
							-7
						],
						"1.4583": [
							0,
							0,
							0
						]
					}
				},
				"right_wing": {
					"rotation": {
						"0.0": [
							-30.65043,
							-2.98409,
							8.68963
						],
						"0.625": [
							-30.77611,
							0.5944,
							14.70811
						],
						"1.4583": [
							-30.65043,
							-2.98409,
							8.68963
						]
					}
				}
			}
		},
		"animation.fruli_frula.walk": {
			"loop": true,
			"animation_length": 1.5,
			"bones": {
				"all": {
					"rotation": {
						"0.0": [
							26,
							0,
							0
						],
						"0.0833": [
							26,
							1.20193,
							-3.81543
						],
						"0.1667": [
							26,
							0,
							0
						],
						"0.25": [
							26,
							-1.20193,
							3.81543
						],
						"0.3333": [
							26,
							0,
							0
						],
						"0.4167": [
							26,
							1.20193,
							-3.81543
						],
						"0.5": [
							26,
							0,
							0
						],
						"0.5833": [
							26,
							-1.20193,
							3.81543
						],
						"0.6667": [
							26,
							0,
							0
						],
						"0.75": [
							26,
							1.20193,
							-3.81543
						],
						"0.8333": [
							26,
							0,
							0
						],
						"0.9167": [
							26,
							-1.20193,
							3.81543
						],
						"1.0": [
							26,
							0,
							0
						],
						"1.0833": [
							26,
							1.20193,
							-3.81543
						],
						"1.1667": [
							26,
							0,
							0
						],
						"1.25": [
							26,
							-1.20193,
							3.81543
						],
						"1.3333": [
							26,
							0,
							0
						],
						"1.4167": [
							26,
							1.20193,
							-3.81543
						],
						"1.5": [
							26,
							0,
							0
						]
					},
					"position": [
						0,
						-3.4,
						-7
					]
				},
				"tail": {
					"rotation": [
						92.5,
						0,
						0
					],
					"position": [
						0,
						0.9,
						-0.9
					]
				},
				"left_wing": {
					"rotation": {
						"0.0": [
							0,
							0,
							-75
						],
						"0.0833": [
							0,
							0,
							-12.5
						],
						"0.25": [
							0,
							0,
							-75
						],
						"0.3333": [
							0,
							0,
							-12.5
						],
						"0.5": [
							0,
							0,
							-75
						],
						"0.5833": [
							0,
							0,
							-12.5
						],
						"0.75": [
							0,
							0,
							-75
						],
						"0.8333": [
							0,
							0,
							-12.5
						],
						"1.0": [
							0,
							0,
							-75
						],
						"1.0833": [
							0,
							0,
							-12.5
						],
						"1.25": [
							0,
							0,
							-75
						],
						"1.3333": [
							0,
							0,
							-12.5
						],
						"1.5": [
							0,
							0,
							-75
						]
					}
				},
				"head": {
					"rotation": [
						-32.5,
						0,
						0
					]
				},
				"right_wing": {
					"rotation": {
						"0.0": [
							0,
							0,
							75
						],
						"0.0833": [
							0,
							0,
							12.5
						],
						"0.25": [
							0,
							0,
							75
						],
						"0.3333": [
							0,
							0,
							12.5
						],
						"0.5": [
							0,
							0,
							75
						],
						"0.5833": [
							0,
							0,
							12.5
						],
						"0.75": [
							0,
							0,
							75
						],
						"0.8333": [
							0,
							0,
							12.5
						],
						"1.0": [
							0,
							0,
							75
						],
						"1.0833": [
							0,
							0,
							12.5
						],
						"1.25": [
							0,
							0,
							75
						],
						"1.3333": [
							0,
							0,
							12.5
						],
						"1.5": [
							0,
							0,
							75
						]
					}
				},
				"cup": {
					"rotation": {
						"0.0": [
							-0.19665,
							1.31949,
							4.81659
						],
						"0.125": [
							-0.42282,
							1.26529,
							-5.18582
						],
						"0.2917": [
							-0.19665,
							1.31949,
							4.81659
						],
						"0.4167": [
							-0.42282,
							1.26529,
							-5.18582
						],
						"0.5833": [
							-0.19665,
							1.31949,
							4.81659
						],
						"0.7083": [
							-0.42282,
							1.26529,
							-5.18582
						],
						"0.875": [
							-0.19665,
							1.31949,
							4.81659
						],
						"1.0": [
							-0.42282,
							1.26529,
							-5.18582
						],
						"1.1667": [
							-0.19665,
							1.31949,
							4.81659
						],
						"1.3333": [
							-0.42282,
							1.26529,
							-5.18582
						],
						"1.5": [
							-0.19665,
							1.31949,
							4.81659
						]
					}
				},
				"plato": {
					"rotation": {
						"0.0": [
							0,
							0,
							0
						],
						"0.0417": [
							0,
							0,
							-5
						],
						"0.0833": [
							0,
							0,
							0
						],
						"0.125": [
							0,
							0,
							5
						],
						"0.1667": [
							0,
							0,
							0
						],
						"0.2083": [
							0,
							0,
							-5
						],
						"0.25": [
							0,
							0,
							0
						],
						"0.2917": [
							0,
							0,
							5
						],
						"0.3333": [
							0,
							0,
							0
						],
						"0.375": [
							0,
							0,
							-5
						],
						"0.4167": [
							0,
							0,
							0
						],
						"0.4583": [
							0,
							0,
							5
						],
						"0.5": [
							0,
							0,
							0
						],
						"0.5417": [
							0,
							0,
							-5
						],
						"0.5833": [
							0,
							0,
							0
						],
						"0.625": [
							0,
							0,
							5
						],
						"0.6667": [
							0,
							0,
							0
						],
						"0.7083": [
							0,
							0,
							-5
						],
						"0.75": [
							0,
							0,
							0
						],
						"0.7917": [
							0,
							0,
							5
						],
						"0.8333": [
							0,
							0,
							0
						],
						"0.875": [
							0,
							0,
							-5
						],
						"0.9167": [
							0,
							0,
							0
						],
						"0.9583": [
							0,
							0,
							5
						],
						"1.0": [
							0,
							0,
							0
						],
						"1.0417": [
							0,
							0,
							-5
						],
						"1.0833": [
							0,
							0,
							0
						],
						"1.125": [
							0,
							0,
							5
						],
						"1.1667": [
							0,
							0,
							0
						],
						"1.2083": [
							0,
							0,
							-5
						],
						"1.25": [
							0,
							0,
							0
						],
						"1.2917": [
							0,
							0,
							5
						],
						"1.3333": [
							0,
							0,
							0
						],
						"1.375": [
							0,
							0,
							-5
						],
						"1.4167": [
							0,
							0,
							0
						],
						"1.4583": [
							0,
							0,
							5
						],
						"1.5": [
							0,
							0,
							0
						]
					}
				},
				"all2": {
					"rotation": {
						"0.0": [
							0.25725,
							-0.431,
							-4.95007
						],
						"0.2917": [
							0.25725,
							0.431,
							4.95007
						],
						"0.6667": [
							0.25725,
							-0.431,
							-4.95007
						],
						"1.0833": [
							0.25725,
							0.431,
							4.95007
						],
						"1.5": [
							0.25725,
							-0.431,
							-4.95007
						]
					},
					"position": {
						"0.0": [
							0,
							15,
							0
						],
						"0.1667": [
							0,
							11,
							0
						],
						"0.7083": [
							0,
							15,
							0
						],
						"0.9583": [
							0,
							11,
							0
						],
						"1.5": [
							0,
							15,
							0
						]
					}
				}
			}
		},
		"animation.fruli_frula.attack": {
			"animation_length": 0.7519,