{
	"format_version": "1.8.0",
	"animations": {
		"animation.ganganzellitrulala.walk": {
			"loop": true,
			"animation_length": 1.3993,
			"bones": {
				"right_leg": {
					"rotation": {
						"0.0": [
							-10,
							10,
							0
						],
						"0.4167": [
							0,
							10,
							0
						],
						"0.75": [
							10,
							10,
							0
						],
						"0.9167": [
							23.0144,
							10,
							0
						],
						"1.0417": [
							0,
							10,
							0
						],
						"1.2083": [
							-18.0394,
							10,
							0
						],
						"1.4167": [
							-10,
							10,
							0
						]
					},
					"position": {
						"0.0": [
							0,
							0,
							0
						],
						"0.1667": [
							0,
							0,
							1.31
						],
						"0.4167": [
							0,
							0,
							0
						],
						"0.75": [
							0,
							0,
							1
						],
						"1.0417": [
							0,
							4,
							0
						],
						"1.25": [
							-0.4,
							1.8,
							0.4
						],
						"1.4167": [
							0,
							0,
							0
						]
					}
				},
				"left_leg": {
					"rotation": {
						"0.0": [
							10,
							-10,
							0
						],
						"0.1667": [
							23.0144,
							-10,
							0
						],
						"0.4167": [
							0,
							-10,
							0
						],
						"0.5": [
							-18.0394,
							-10,
							0
						],
						"0.75": [
							-10,
							-10,
							0
						],
						"1.0417": [
							0,
							-10,
							0
						],
						"1.4167": [
							10,
							-10,
							0
						]
					},
					"position": {
						"0.0": [
							0,
							0,
							1
						],
						"0.4167": [
							0,
							4,
							0
						],
						"0.5833": [
							0,
							1.84,
							1.69
						],
						"0.75": [
							0,
							0,
							-0.2
						],
						"1.0417": [
							0,
							0,
							0
						],
						"1.4167": [
							0,
							0,
							1
						]
					}
				},
				"left_arm": {
					"rotation": {
						"0.0": [
							-25,
							0,
							0
						],
						"0.6667": [
							36.8383,
							-7.5713,
							-9.9753
						],
						"1.4167": [
							-25,
							0,
							0
						]
					}
				},
				"right_arm": {
					"rotation": {
						"0.0": [
							25,
							0,
							0
						],
						"0.6667": [
							-36.83829,
							7.57131,
							9.97528
						],
						"1.4167": [
							25,
							0,
							0
						]
					}
				},
				"all": {
					"rotation": {
						"0.0": [
							0,
							5,
							0
						],
						"0.2917": [
							0,
							0,
							0
						],
						"0.5": [
							0,
							-5,
							0
						],
						"0.7917": [
							0,
							5,
							0
						],
						"1.4167": [
							0,
							5,
							0
						]
					},
					"position": {
						"0.0417": [
							0,
							0,
							0
						],
						"0.0833": [
							0,
							-1,
							0
						],
						"0.125": [
							0,
							0,
							0
						],
						"0.1667": [
							0,
							-1,
							0
						],
						"0.2083": [
							0,
							0,
							0
						],
						"0.75": [
							0,
							0,
							0
						],
						"0.7917": [
							0,
							0,
							0
						],
						"0.875": [
							0,
							-1,
							0
						],
						"0.9167": [
							0,
							0,
							0
						]
					}
				},
				"torso": {
					"rotation": {
						"0.0": [
							-2.82625,
							7.38382,
							-2.51852
						],
						"0.3333": [
							0,
							0,
							0
						],
						"0.6667": [
							-2.82625,
							-7.38382,
							2.51852
						],
						"1.0417": [
							0,
							0,
							0
						],
						"1.4167": [
							-2.82625,
							7.38382,
							-2.51852
						]
					}
				},
				"helmet": {
					"position": {
						"0.0": [
							0,
							0,
							0
						],
						"0.2083": [
							0,
							-0.25,
							0
						],
						"0.4167": [
							0,
							0,
							0
						],
						"0.5": [
							0,
							0,
							0
						],
						"0.625": [
							0,
							0,
							0
						],
						"0.75": [
							0,
							-0.25,
							0
						],
						"1.2917": [
							0,
							0,
							0
						],
						"1.4167": [
							0,
							0,
							0
						]
					}
				},
				"hair": {
					"rotation": {
						"0.0": [
							0,
							0,
							0
						],
						"0.3333": [
							10,
							0,
							0
						],
						"0.625": [
							0,
							0,
							0
						],
						"0.7917": [
							10,
							0,
							0
						],
						"1.4167": [
							0,
							0,
							0
						]
					}
				},
				"head": {
					"rotation": {
						"0.0": [
							5.07673,
							-9.96156,
							-0.88045
						],
						"0.3333": [
							0,
							0,
							0
						],
						"0.6667": [
							5.07673,
							9.96156,
							0.88045
						],
						"1.0417": [
							0,
							0,
							0
						],
						"1.4167": [
							5.07673,
							-9.96156,
							-0.88045
						]
					}
				},
				"top": {
					"rotation": {
						"0.0": [
							0,
							0,
							0
						],
						"0.5417": [
							0,
							0,
							10
						],
						"1.4167": [
							0,
							0,
							0
						]
					}
				}
			}
		},
		"animation.ganganzellitrulala.attack": {
			"animation_length": 0.7576,
			"bones": {
				"right_arm": {
					"rotation": {
						"0.0": [
							0,
							0,
							10
						],
						"0.2083": [
							0,
							0,
							35
						],
						"0.4583": [
							20,
							0,
							35
						],
						"0.5417": [
							20,
							0,
							35
						],
						"0.75": [
							0,
							0,
							10
						]
					},
					"position": {
						"0.0": [
							0,
							0,
							0
						],
						"0.2083": [
							-3,
							-5.69,
							6.23
						],
						"0.3333": [
							0,
							-1,
							9
						],
						"0.75": [
							0,
							0,
							0
						]
					}
				},
				"left_arm": {
					"rotation": {
						"0.0": [
							7.7614,
							-14.8687,
							-9.50307
						],
						"0.2083": [
							-172.12352,
							-72.32786,
							36.73868
						],
						"0.375": [
							-51.12446,
							8.03535,
							30.35273
						],
						"0.5417": [
							-51.12446,
							8.03535,
							30.35273
						],
						"0.75": [
							7.7614,
							-14.8687,
							-9.50307
						]
					},
					"position": {
						"0.0": [
							0,
							0,
							0
						],
						"0.375": [
							0,
							0,
							-8
						],
						"0.5417": [
							0,
							0,
							-8
						],
						"0.75": [
							0,
							0,
							0
						]
					}
				},
				"golden_shield": {
					"rotation": {
						"0.0": [
							0,
							32.5,
							0
						],
						"0.7083": [
							0,
							35,
							0
						]
					},
					"position": {
						"0.0": [
							-1,
							0,
							-2
						],
						"0.7083": [
							0,
							0,
							-1
						]
					}
				},
				"right_leg": {
					"rotation": {
						"0.0": [
							0,
							12.5,
							0
						],
						"0.2083": [
							7.5,
							22.5,
							5
						],
						"0.25": [
							9.91583,
							17.20689,
							18.99253
						],
						"0.3333": [
							10,
							12.5,
							5
						],
						"0.5417": [
							10,
							12.5,
							5
						],
						"0.75": [
							0,
							12.5,
							0
						]
					},
					"position": {
						"0.0": [
							-0.5,
							0,
							0
						],
						"0.2083": [
							-1.25,
							0,
							-1.75
						],
						"0.25": [
							0,
							0,
							-5.67
						],
						"0.3333": [
							-1,
							0,
							1
						],
						"0.5417": [
							-1,
							0,
							1
						],
						"0.75": [
							-0.5,
							0,
							0
						]
					}
				},
				"left_leg": {
					"rotation": {
						"0.0": [
							5.17544,
							-14.94159,
							-6.3378
						],
						"0.1667": [
							15,
							-20,
							-2.5
						],
						"0.2083": [
							15,
							-20,
							-2.5
						],
						"0.3333": [
							15,
							-20,
							-2.5
						],
						"0.5417": [
							0,
							-20,
							-2.5
						],
						"0.75": [
							5.17544,
							-14.94159,
							-6.3378
						]
					},
					"position": {
						"0.0": [
							0.5,
							0,
							1
						],