{
	"format_version": "1.8.0",
	"animations": {
		"animation.garam_mararam.walk": {
			"loop": true,
			"animation_length": 1.25,
			"bones": {
				"h": {
					"rotation": {
						"0.0": [0, 0, 0],
						"0.2917": [0, 0, 2.5],
						"0.7917": [0, 0, -2.5],
						"1.25": [0, 0, 0]
					}
				},
				"left_arm": {
					"rotation": {
						"0.0": [-22.13867, 8.07884, -3.69712],
						"0.625": [18.29388, -16.66577, -5.41615],
						"1.25": [-22.13867, 8.07884, -3.69712]
					},
					"position": {
						"0.0": [0, 0, 0],
						"0.2917": [0, -2, 0],
						"1.25": [0, 0, 0]
					}
				},
				"right_leg": {
					"rotation": {
						"0.0": [10, -10, 0],
						"0.1667": [23.0144, -10, 0],
						"0.2917": [0, -10, 0],
						"0.4583": [-18.0394, -10, 0],
						"0.625": [-10, -10, 0],
						"0.9167": [0, -10, 0],
						"1.25": [10, -10, 0]
					},
					"position": {
						"0.0": [0, 1, 1],
						"0.2917": [0, 4, 0],
						"0.4583": [0, 5, -2],
						"0.625": [0, 0, -4],
						"0.9167": [0, 0, 0],
						"1.25": [0, 1, 1]
					}
				},
				"left_leg": {
					"rotation": {
						"0.0": [-10, 10, 0],
						"0.2917": [0, 10, 0],
						"0.625": [10, 10, 0],
						"0.7917": [23.0144, 10, 0],
						"0.9167": [0, 10, 0],
						"1.0833": [-18.0394, 10, 0],
						"1.25": [-10, 10, 0]
					},
					"position": {
						"0.0": [0, 0, -4],
						"0.2917": [0, 0, 0],
						"0.625": [0, 1, 1],
						"0.9167": [0, 4, 0],
						"1.0833": [0, 5, -2],
						"1.25": [0, 0, -4]
					}
				},
				"right_arm": {
					"rotation": {
						"0.0": [18.29388, 16.66577, 5.41615],
						"0.625": [-22.13867, -8.07884, 3.69712],
						"1.25": [18.29388, 16.66577, 5.41615]
					},
					"position": {
						"0.0": [0, -2, 0],
						"0.9167": [0, 0, 0],
						"1.25": [0, -2, 0]
					}
				},
				"bone": {
					"rotation": {
						"0.0": [0, 0, 0],
						"0.2917": [10, 0, 0],
						"1.25": [0, 0, 0]
					}
				},
				"nose": {
					"rotation": {
						"0.0": [0, 0, 0],
						"0.2917": [0, 5, 0],
						"0.625": [0, 0, 0],
						"0.9167": [0, -5, 0],
						"1.25": [0, 0, 0]
					}
				},
				"salt": {
					"rotation": {
						"0.0": [0, 5, 0],
						"0.2917": [0, 0, 0],
						"0.625": [0, -5, 0],
						"0.9167": [0, 0, 0],
						"1.25": [0, 5, 0]
					},
					"position": {
						"0.0": [-11, -1, 0],
						"0.3333": [-10, -1, 0],
						"1.25": [-11, -1, 0]
					}
				},
				"honey": {
					"position": [-10, 0, 0]
				},
				"salt_right_leg": {
					"rotation": [-72.94767, 3.4317, -3.31992],
					"position": [4, 1, 1]
				},
				"salt_left_leg": {
					"rotation": [-72.94767, -3.4317, 3.31992],
					"position": [-4, 1, 1]
				},
				"all": {
					"rotation": {
						"0.0": [0, 5, 0],
						"0.2917": [0, 0, 0],
						"0.625": [0, -5, 0],
						"0.9167": [0, 0, 0],
						"1.25": [0, 5, 0]
					},
					"position": {
						"0.0": [0, 0, 0],
						"0.1667": [0, 0, 0],
						"0.2917": [0, 1, 0],
						"0.625": [0, -1.14, 0],
						"0.7917": [0, 0, 0],
						"0.9167": [0, 1, 0],
						"1.25": [0, 0, 0]
					}
				}
			}
		},
		"animation.garam_mararam.idle": {
			"loop": true,
			"animation_length": 4,
			"bones": {
				"left_arm": {
					"rotation": {
						"0.0": [0, 0, 0],
						"1.125": [0, 0, -2.5],
						"2.0": [0, 0, 0],
						"3.125": [0, 0, -2.5],
						"4.0": [0, 0, 0]
					}
				},
				"right_arm": {
					"rotation": {
						"0.0": [0, 0, 0],
						"1.125": [0, 0, 2.5],
						"2.0": [0, 0, 0],
						"3.125": [0, 0, 2.5],
						"4.0": [0, 0, 0]
					}
				},
				"torso": {
					"rotation": {
						"0.0": [0, 0, 0],
						"0.5625": [0, 0, 0],
						"0.8125": [0, -22.5, 0],
						"2.0625": [0, -22.5, 0],
						"2.4375": [0, 27.5, 0],
						"3.375": [0, 27.5, 0],
						"4.0": [0, 0, 0]
					},
					"position": {
						"0.0": [0, 0, 0],
						"1.0": [0, -1, 0],
						"2.0": [0, 0, 0],
						"3.0": [0, -1, 0],
						"4.0": [0, 0, 0]
					}
				},
				"nose": {
					"rotation": {
						"0.0": [0, 0, 0],
						"0.625": [5, 0, 0],
						"1.75": [0, 0, 0],
						"2.75": [5, 0, 0],
						"4.0": [0, 0, 0]
					}
				},
				"head": {
					"position": {
						"0.0": [0, 0, 0],
						"1.0": [0, -1, 0],
						"2.0": [0, 0, 0],
						"3.0": [0, -1, 0],
						"4.0": [0, 0, 0]
					}
				},
				"salt": {
					"position": [-18, -37, 0]
				}
			}
		},
		"animation.garam_mararam.attack": {
			"animation_length": 1,
			"bones": {
				"right_leg": {
					"rotation": {
						"0.0": [0, 0, 0],
						"0.125": [10, -10, 0],
						"0.25": [10, -10, 0],
						"0.4167": [32.79244, 22.1462, 27.41252],
						"0.6667": [32.79244, 22.1462, 27.41252],
						"0.7917": [0, 0, 0],
						"1.0": [0, 0, 0]
					},
					"position": {
						"0.0": [0, 0, 0],
						"0.2083": [0, 0, 4],
						"0.7917": [0, 0, 0],
						"1.0": [0, 0, 0]
					}
				},
				"left_leg": {
					"rotation": {
						"0.0": [0, 0, 0],
						"1.0": [0, 0, 0]
					},
					"position": {
						"0.0": [0, 0, 0],
						"1.0": [0, 0, 0]
					}
				},
				"torso": {
					"rotation": {
						"0.0": [0, 0, 0],
						"0.2917": [-17.5, 0, 0],
						"0.4167": [35, 0, 0],
						"1.0": [0, 0, 0]
					},
					"scale": {
						"0.0": [1, 1, 1],
						"0.3333": [1, 1, 1],
						"0.4167": [1.3, 1.15, 1],
						"0.4583": [1, 1, 1],
						"0.7083": [1, 1, 1],
						"0.7917": [1.3, 1, 1],
						"0.875": [1, 1, 1]
					}
				},
				"bone": {
					"rotation": {
						"0.0": [0, 0, 0],
						"1.0": [0, 0, 0]
					}
				},
				"salt": {
					"rotation": {
						"0.0": [0, 0, 0],
						"0.2917": [-12.5, 0, 0],
						"0.4167": [45, 0, 0],
						"1.0": [0, 0, 0]
					},
					"position": {
						"0.0": [-10, 0, 0],
						"0.2917": [-10, -1, 13],
						"0.4167": [-10, 0, -18],
						"1.0": [-10, 0, 0]
					},
					"scale": {
						"0.3333": [1, 1, 1],
						"0.4167": [1, 1.3, 1],
						"0.4583": [1, 1, 1]
					}
				},
				"honey": {
					"position": {
						"0.0": [-10, 0, 0],
						"1.0": [-10, 0, 0]
					}
				},
				"salt_right_leg": {
					"rotation": {
						"0.0": [-72.94767, 3.4317, -3.31992],
						"1.0": [-72.94767, 3.4317, -3.31992]
					},
					"position": {
						"0.0": [4, 1, 1],
						"1.0": [4, 1, 1]
					}
				},
				"salt_left_leg": {
					"rotation": {
						"0.0": [-72.94767, -3.4317, 3.31992],
						"1.0": [-72.94767, -3.4317, 3.31992]
					},
					"position": {
						"0.0": [-4, 1, 1],
						"1.0": [-4, 1, 1]
					}
				},
				"all": {
					"rotation": {
						"0.0": [0, 0, 0],
						"1.0": [0, 0, 0]
					},
					"position": {
						"0.0": [0, 0, 0],
						"1.0": [0, 0, 0]
					}
				},
				"mouth": {
					"rotation": {
						"0.25": [0, 0, 0],
						"0.4167": [-22.5, 0, 0],
						"0.8333": [0, 0, 0]
					},
					"position": {
						"0.25": [0, 0, 0],
						"0.375": [0, 0, -8],
						"0.4167": [0, 0, -8],
						"0.8333": [0, 0, -8],
						"0.875": [0, 0, 0]
					},
					"scale": {
						"0.25": [1, 1, 1],
						"0.375": [1, 1, 2.1],
						"0.4167": [1, 1, 1],
						"0.8333": [1, 1, 1],
						"0.875": [1, 1, 1]
					}
				}
			}
		}
	}
}