{
	"format_version": "1.8.0",
	"animations": {
		"animation.glorbo_fruttodillo.walk": {
			"loop": true,
			"animation_length": 2.8333,
			"bones": {
				"head": {
					"rotation": {
						"0.0": [
							0,
							0,
							0
						],
						"0.0833": [
							4.02511,
							-1.37954,
							-2.08512
						],
						"0.1667": [
							5,
							0,
							0
						],
						"0.25": [
							0,
							0,
							2.5
						],
						"0.3333": [
							0,
							0,
							0
						],
						"0.4583": [
							4.02511,
							1.37954,
							2.08512
						],
						"0.5417": [
							5,
							0,
							0
						],
						"0.625": [
							0,
							0,
							-2.5
						],
						"0.7083": [
							0,
							0,
							0
						],
						"0.7917": [
							4.02511,
							-1.37954,
							-2.08512
						],
						"0.875": [
							5,
							0,
							0
						],
						"0.9583": [
							0,
							0,
							2.5
						],
						"1.0417": [
							0,
							0,
							0
						],
						"1.1667": [
							4.02511,
							1.37954,
							2.08512
						],
						"1.25": [
							5,
							0,
							0
						],
						"1.3333": [
							0,
							0,
							-2.5
						],
						"1.4167": [
							0,
							0,
							0
						],
						"1.5": [
							4.02511,
							-1.37954,
							-2.08512
						],
						"1.5833": [
							5,
							0,
							0
						],
						"1.6667": [
							0,
							0,
							2.5
						],
						"1.75": [
							0,
							0,
							0
						],
						"1.875": [
							4.02511,
							1.37954,
							2.08512
						],
						"1.9583": [
							5,
							0,
							0
						],
						"2.0417": [
							0,
							0,
							-2.5
						],
						"2.125": [
							0,
							0,
							0
						],
						"2.2083": [
							4.02511,
							-1.37954,
							-2.08512
						],
						"2.2917": [
							5,
							0,
							0
						],
						"2.375": [
							0,
							0,
							2.5
						],
						"2.4583": [
							0,
							0,
							0
						],
						"2.5833": [
							4.02511,
							1.37954,
							2.08512
						],
						"2.6667": [
							5,
							0,
							0
						],
						"2.75": [
							0,
							0,
							-2.5
						],
						"2.8333": [
							0,
							0,
							0
						]
					}
				},
				"torso": {
					"rotation": {
						"0.0": [
							0,
							5,
							0
						],
						"0.2083": [
							0,
							0,
							0
						],
						"0.3333": [
							0,
							-5,
							0
						],
						"0.5417": [
							0,
							0,
							0
						],
						"0.7083": [
							0,
							5,
							0
						],
						"0.9167": [
							0,
							0,
							0
						],
						"1.0417": [
							0,
							-5,
							0
						],
						"1.25": [
							0,
							0,
							0
						],
						"1.4167": [
							0,
							5,
							0
						],
						"1.625": [
							0,
							0,
							0
						],
						"1.75": [
							0,
							-5,
							0
						],
						"1.9583": [
							0,
							0,
							0
						],
						"2.125": [
							0,
							5,
							0
						],
						"2.3333": [
							0,
							0,
							0
						],
						"2.4583": [
							0,
							-5,
							0
						],
						"2.6667": [
							0,
							0,
							0
						],
						"2.8333": [
							0,
							5,
							0
						]
					},
					"position": {
						"0.0": [
							0,
							0,
							0
						],
						"0.0417": [
							0,
							-1.14,
							0
						],
						"0.0833": [
							0,
							0,
							0
						],
						"0.2083": [
							0,
							1,
							0
						],
						"0.3333": [
							0,
							0,
							0
						],
						"0.375": [
							0,
							-1.14,
							0
						],
						"0.4167": [
							0,
							0,
							0
						],
						"0.5417": [
							0,
							1,
							0
						],
						"0.7083": [
							0,
							0,
							0
						],
						"0.75": [
							0,
							-1.14,
							0
						],
						"0.7917": [
							0,
							0,
							0
						],
						"0.9167": [
							0,
							1,
							0
						],
						"1.0417": [
							0,
							0,
							0
						],
						"1.0833": [
							0,
							-1.14,
							0
						],
						"1.125": [
							0,
							0,
							0
						],
						"1.25": [
							0,
							1,
							0
						],
						"1.4167": [
							0,
							0,
							0
						],
						"1.4583": [
							0,
							-1.14,
							0
						],
						"1.5": [
							0,
							0,
							0
						],
						"1.625": [
							0,
							1,
							0
						],
						"1.75": [
							0,
							0,
							0
						],
						"1.7917": [
							0,
							-1.14,
							0
						],
						"1.8333": [
							0,
							0,
							0
						],
						"1.9583": [
							0,
							1,
							0
						],
						"2.125": [
							0,
							0,
							0
						],
						"2.1667": [
							0,
							-1.14,
							0
						],
						"2.2083": [
							0,
							0,
							0
						],
						"2.3333": [
							0,
							1,
							0
						],
						"2.4583": [
							0,
							0,
							0
						],
						"2.5": [
							0,
							-1.14,
							0
						],
						"2.5417": [
							0,
							0,
							0
						],
						"2.6667": [
							0,
							1,
							0
						],
						"2.8333": [
							0,
							0,
							0
						]
					}
				},
				"leg": {
					"rotation": {
						"0.0": [
							10,
							-10,
							0
						],
						"0.0833": [
							23.0144,
							-10,
							0
						],
						"0.2083": [
							0,
							-10,
							0
						],
						"0.25": [
							-18.0394,
							-10,
							0
						],
						"0.375": [
							-10,
							-10,
							0
						],
						"0.5417": [
							0,
							-10,
							0
						],
						"0.7083": [
							10,
							-10,
							0
						],
						"0.7917": [
							23.0144,
							-10,
							0
						],
						"0.9167": [
							0,
							-10,
							0
						],
						"0.9583": [
							-18.0394,
							-10,
							0
						],
						"1.0833": [
							-10,
							-10,
							0
						],
						"1.25": [
							0,
							-10,
							0
						],
						"1.4167": [
							10,
							-10,
							0
						],
						"1.5": [
							23.0144,
							-10,
							0
						],
						"1.625": [
							0,
							-10,
							0
						],
						"1.6667": [
							-18.0394,
							-10,
							0
						],
						"1.7917": [
							-10,
							-10,
							0
						],
						"1.9583": [
							0,
							-10,
							0
						],
						"2.125": [
							10,
							-10,
							0
						],
						"2.2083": [
							23.0144,
							-10,
							0
						],
						"2.3333": [
							0,
							-10,
							0
						],
						"2.375": [
							-18.0394,
							-10,
							0
						],
						"2.5": [
							-10,
							-10,
							0
						],
						"2.6667": [
							0,
							-10,
							0
						],
						"2.8333": [
							10,
							-10,
							0
						]
					},
					"position": {
						"0.0": [
							0,
							1,
							1
						],
						"0.2083": [
							0,
							4,
							0
						],
						"0.375": [
							0,
							0,
							-4
						],
						"0.5417": [
							0,
							0,
							0
						],
						"0.7083": [
							0,
							1,
							1
						],
						"0.9167": [
							0,
							4,
							0
						],
						"1.0833": [
							0,
							0,
							-4
						],
						"1.25": [
							0,
							0,
							0
						],
						"1.4167": [
							0,
							1,
							1
						],
						"1.625": [
							0,
							4,
							0
						],
						"1.7917": [
							0,
							0,
							-4
						],
						"1.9583": [
							0,
							0,
							0
						],
						"2.125": [
							0,
							1,
							1
						],
						"2.3333": [
							0,
							4,
							0
						],
						"2.5": [
							0,
							0,
							-4
						],
						"2.6667": [
							0,
							0,
							0
						],
						"2.8333": [
							0,
							1,
							1
						]
					}
				},
				"leg2": {
					"rotation": {
						"0.0": [
							-10,
							10,
							0
						],
						"0.2083": [
							0,
							10,
							0
						],
						"0.375": [
							10,
							10,
							0
						],
						"0.4583": [
							23.0144,
							10,
							0
						],
						"0.5417": [
							0,
							10,
							0
						],
						"0.625": [
							-18.0394,
							10,
							0
						],