{
	"format_version": "1.8.0",
	"animations": {
		"animation.ilcacto_hipopotamo.idle": {
			"loop": true,
			"animation_length": 2.0833,
			"bones": {
				"right_arm": {
					"rotation": {
						"0.0": [
							4.06553,
							64.21182,
							58.63452
						],
						"1.0833": [
							21.56553,
							64.21182,
							58.63452
						],
						"2.0833": [
							4.06553,
							64.21182,
							58.63452
						]
					},
					"position": {
						"0.0": [
							4,
							0,
							0
						],
						"2.0833": [
							4,
							0,
							0
						]
					}
				},
				"left_arm": {
					"rotation": {
						"0.0": [
							-164.62661,
							-2.56578,
							57.3326
						],
						"1.0833": [
							-164.48502,
							1.45005,
							42.8765
						],
						"2.0833": [
							-164.62661,
							-2.56578,
							57.3326
						]
					},
					"position": {
						"0.0": [
							-2,
							0,
							0
						],
						"2.0833": [
							-2,
							0,
							0
						]
					}
				},
				"left_leg": {
					"position": [
						0.5,
						0,
						1
					]
				},
				"torso": {
					"rotation": {
						"0.0": [
							3,
							0,
							0
						],
						"0.5": [
							0,
							0,
							-3
						],
						"1.0417": [
							-3,
							0,
							0
						],
						"1.5417": [
							0,
							0,
							3
						],
						"2.0833": [
							3,
							0,
							0
						]
					},
					"position": {
						"0.0": [
							0,
							0,
							0
						],
						"1.0417": [
							0,
							-0.5,
							0
						],
						"2.0833": [
							0,
							0,
							0
						]
					}
				},
				"tutu": {
					"rotation": {
						"0.0": [
							0,
							0,
							-2.5
						],
						"0.4583": [
							0,
							0,
							0
						],
						"1.0417": [
							0,
							0,
							2.5
						],
						"1.625": [
							0,
							0,
							0
						],
						"2.0833": [
							0,
							0,
							-2.5
						]
					}
				},
				"canita": {
					"rotation": {
						"0.0": [
							0,
							0,
							0
						],
						"1.2083": [
							0,
							0,
							-5
						],
						"2.0833": [
							0,
							0,
							0
						]
					},
					"position": {
						"0.0": [
							0,
							0,
							0
						],
						"1.2083": [
							0,
							-1.2,
							0
						],
						"2.0833": [
							0,
							0,
							0
						]
					}
				},
				"head": {
					"rotation": {
						"0.0": [
							0,
							0,
							0
						],
						"0.5417": [
							2.57779,
							0.33925,
							-7.49237
						],
						"1.0417": [
							5,
							0,
							0
						],
						"1.5": [
							2.57779,
							-0.33925,
							7.49237
						],
						"2.0833": [
							0,
							0,
							0
						]
					},
					"position": [
						0,
						0,
						0
					]
				},
				"purple": {
					"position": [
						0,
						0,
						-1000000
					]
				},
				"circle": {
					"position": [
						0,
						0,
						-1000000
					]
				},
				"hand": {
					"rotation": {
						"0.0": [
							-1.97242,
							-4.9033,
							33.54107
						],
						"0.7917": [
							0.05912,
							-5.28392,
							10.95389
						],
						"2.0833": [
							-1.97242,
							-4.9033,
							33.54107
						]
					}
				},
				"hand2": {
					"rotation": {
						"0.0": [
							-50,
							0,
							0
						],
						"1.0417": [
							-30,
							0,
							0
						],
						"2.0833": [
							-50,
							0,
							0
						]
					}
				}
			}
		},
		"animation.ilcacto_hipopotamo.attack": {
			"animation_length": 0.75,
			"bones": {
				"right_leg": {
					"rotation": {
						"0.0": [
							0,
							0,
							0
						],
						"0.0833": [
							0,
							0,
							0
						],
						"0.2917": [
							0,
							0,
							0
						],
						"0.5417": [
							0,
							0,
							0
						],
						"0.75": [
							0,
							0,
							0
						]
					},
					"position": {
						"0.0": [
							-0.5,
							0,
							0
						],
						"0.0833": [
							0,
							0,
							0
						],
						"0.2917": [
							0,
							0,
							0
						],
						"0.5417": [
							0,
							0,
							0
						],
						"0.75": [
							-0.5,
							0,
							0
						]
					}
				},
				"left_leg": {
					"rotation": {
						"0.0": [
							0,
							0,
							0
						],
						"0.0833": [
							0,
							0,
							0
						],
						"0.2917": [
							0,
							0,
							0
						],
						"0.5417": [
							0,
							0,
							0
						],
						"0.75": [
							0,
							0,
							0
						]
					},
					"position": {
						"0.0": [
							0.5,
							0,
							1
						],
						"0.0833": [
							0,
							0,
							0
						],
						"0.2917": [
							0,
							0,
							0
						],
						"0.5417": [
							0,
							0,
							0
						],
						"0.75": [
							0.5,
							0,
							1
						]
					}
				},
				"torso": {
					"rotation": {
						"0.0": [
							7.5,
							0,
							0
						],
						"0.0833": [
							-12.5,
							0,
							0
						],
						"0.25": [
							-22.5,
							0,
							0
						],
						"0.2917": [
							52.5,
							0,
							0
						],
						"0.5417": [
							52.5,
							0,
							0
						],
						"0.75": [
							7.5,
							0,
							0
						]
					},
					"position": {
						"0.0": [
							0,
							0,
							0
						],
						"0.0833": [
							0,
							0,
							0
						],
						"0.25": [
							0,
							0,
							0
						],
						"0.2917": [
							0,
							-5,
							-6
						],
						"0.5417": [
							0,
							-5,
							-6
						],
						"0.75": [
							0,
							0,
							0
						]
					}
				},
				"head": {
					"position": {
						"0.0": [
							0,
							0,
							0
						],
						"0.0833": [
							0,
							0,
							-2
						],
						"0.25": [
							0,
							0,
							-2
						],
						"0.4167": [
							0,
							0,
							0
						]
					}
				},
				"mouth": {
					"position": {
						"0.0": [
							0,
							0,
							0
						],
						"0.0833": [
							0,
							-2,
							0
						],
						"0.25": [
							0,
							-2,
							0
						],
						"0.4167": [
							0,
							0,
							0
						]
					}
				},
				"top": {
					"rotation": {
						"0.0": [
							0,
							0,
							0
						],
						"0.0833": [
							-22.5,
							0,
							0
						],
						"0.25": [
							-27.5,
							0,
							0
						],
						"0.4167": [
							0,
							0,
							0
						]
					},
					"position": {
						"0.0": [
							0,
							0,
							0
						],
						"0.4167": [
							0,
							0,
							0
						]
					}
				}
			}
		},
		"animation.ilcacto_hipopotamo.walk": {
			"loop": true,
			"animation_length": 1.0027,
			"bones": {
				"right_leg": {
					"rotation": {
						"0.0": [
							0,
							0,
							0
						],
						"0.2917": [
							-1.76849,
							21.99142,
							-3.16964
						],
						"0.5417": [
							10,
							10,
							0
						],
						"0.6667": [
							23.0144,
							10,
							0
						],
						"0.75": [
							-1.75378,
							9.84655,
							-10.15108
						],
						"0.875": [
							-18.12496,
							7.24489,
							-9.70637
						],
						"1.0": [
							0,
							0,
							0
						]
					},
					"position": {
						"0.0": [
							0,
							0,
							0
						],
						"0.125": [
							0,
							0,
							1.31
						],
						"0.2917": [
							0,
							0,
							0
						],
						"0.5417": [
							0,
							0,
							1
						],
						"0.75": [
							0,
							4,
							0
						],
						"0.875": [
							-0.4,
							1.8,
							0.4
						],
						"1.0": [
							0,
							0,
							0
						]
					}
				},
				"left_leg": {
					"rotation": {
						"0.0": [
							10,
							-10,
							0
						],
						"0.125": [
							22.58784,
							-10.96897,
							2.34375
						],
						"0.2917": [
							-1.31845,
							-9.91358,
							7.61435
						],
						"0.4167": [
							-18.0394,
							-10,
							0
						],
						"0.5417": [
							0,
							0,
							0
						],
						"0.75": [
							0,
							-2.5,
							0
						],
						"1.0": [
							10,
							-10,
							0
						]
					},