{
	"format_version": "1.8.0",
	"animations": {
		"animation.karkerkarkurkur.attack": {
			"animation_length": 0.8,
			"bones": {
				"left_arm": {
					"rotation": {
						"0.0": [
							0,
							0,
							0
						],
						"0.1333": [
							30,
							0,
							-25
						],
						"0.3333": [
							64.56326,
							-17.69422,
							-60.95827
						],
						"0.6": [
							79.56326,
							-17.69422,
							-60.95827
						],
						"0.8": [
							0,
							0,
							0
						]
					},
					"position": {
						"0.0": [
							0,
							0,
							0
						],
						"0.2667": [
							-1,
							1,
							0
						],
						"0.6667": [
							-1,
							1,
							0
						],
						"0.8": [
							0,
							0,
							0
						]
					}
				},
				"right_leg": {
					"rotation": {
						"0.0": [
							0,
							0,
							0
						],
						"0.1333": [
							42.18626,
							17.38772,
							1.7511
						],
						"0.3": [
							0,
							17.5,
							0
						],
						"0.4": [
							-107.5,
							0,
							0
						],
						"0.6667": [
							0,
							0,
							0
						],
						"0.8": [
							0,
							0,
							0
						]
					},
					"position": {
						"0.0": [
							0,
							0,
							0
						],
						"0.3": [
							0,
							0,
							0
						],
						"0.4": [
							0,
							14,
							0
						],
						"0.6667": [
							0,
							7,
							0
						],
						"0.8": [
							0,
							0,
							0
						]
					}
				},
				"left_leg": {
					"rotation": {
						"0.0": [
							0,
							0,
							0
						],
						"0.1333": [
							42.18626,
							-17.38772,
							-1.7511
						],
						"0.3": [
							0,
							-17.5,
							0
						],
						"0.4": [
							-107.5,
							0,
							0
						],
						"0.6667": [
							0,
							0,
							0
						],
						"0.8": [
							0,
							0,
							0
						]
					},
					"position": {
						"0.0": [
							0,
							0,
							0
						],
						"0.3": [
							0,
							0,
							0
						],
						"0.4": [
							0,
							14,
							0
						],
						"0.6667": [
							0,
							7,
							0
						],
						"0.8": [
							0,
							0,
							0
						]
					}
				},
				"right_arm": {
					"rotation": {
						"0.0": [
							-13.15854,
							-12.67832,
							17.36523
						],
						"0.2667": [
							33.28558,
							-7.30014,
							39.50495
						],
						"0.4667": [
							32.82944,
							9.33106,
							14.4443
						],
						"0.8": [
							-13.15854,
							-12.67832,
							17.36523
						]
					},
					"position": {
						"0.0": [
							0,
							0,
							0
						],
						"0.2667": [
							-1,
							1,
							0
						],
						"0.6667": [
							-1,
							1,
							0
						],
						"0.8": [
							0,
							0,
							0
						]
					}
				},
				"torso": {
					"rotation": {
						"0.0": [
							0,
							0,
							0
						],
						"0.2": [
							37.5,
							0,
							0
						],
						"0.2667": [
							40,
							0,
							0
						],
						"0.3": [
							25,
							0,
							0
						],
						"0.3667": [
							-42.5,
							0,
							0
						],
						"0.8": [
							0,
							0,
							0
						]
					}
				},
				"capa": {
					"rotation": {
						"0.0": [
							0,
							0,
							0
						],
						"0.1667": [
							0,
							0,
							0
						],
						"0.4667": [
							80,
							0,
							0
						],
						"0.8": [
							0,
							0,
							0
						]
					}
				},
				"head": {
					"rotation": {
						"0.0": [
							0,
							0,
							0
						],
						"0.1333": [
							25,
							0,
							0
						],
						"0.4": [
							-17.5,
							0,
							0
						],
						"0.8": [
							0,
							0,
							0
						]
					}
				},
				"tostada": {
					"rotation": {
						"0.0": [
							0,
							0,
							0
						],
						"0.3667": [
							50,
							0,
							0
						],
						"0.4667": [
							-43.93,
							0,
							0
						],
						"0.6": [
							0,
							0,
							0
						]
					},
					"position": {
						"0.0": [
							0,
							0,
							0
						],
						"0.2667": [
							0,
							0,
							0
						],
						"0.3667": [
							0,
							16,
							0
						],
						"0.5333": [
							0,
							0,
							0
						]
					}
				},
				"tongue": {
					"rotation": {
						"0.0": [
							0,
							0,
							0
						],
						"0.2333": [
							-60,
							0,
							0
						],
						"0.3": [
							5,
							0,
							0
						],
						"0.4333": [
							-95,
							0,
							0
						],
						"0.8": [
							0,
							0,
							0
						]
					}
				}
			}
		},
		"animation.karkerkarkurkur.idle": {
			"loop": true,
			"animation_length": 4,
			"bones": {
				"left_arm": {
					"rotation": {
						"0.0": [
							0,
							0,
							0
						],
						"0.8125": [
							7.5,
							0,
							0
						],
						"2.0625": [
							0,
							0,
							0
						],
						"3.125": [
							7.5,
							0,
							0
						],
						"4.0": [
							0,
							0,
							0
						]
					},
					"position": {
						"0.0": [
							0.9,
							0.9,
							0
						],
						"1.9375": [
							0.9,
							0.9,
							0
						],
						"4.0": [
							0.9,
							0.9,
							0
						]
					}
				},
				"right_arm": {
					"rotation": {
						"0.0": [
							0,
							0,
							17.5
						],
						"0.9375": [
							10,
							0,
							17.5
						],
						"1.9375": [
							0,
							0,
							17.5
						],
						"3.0": [
							10,
							0,
							17.5
						],
						"4.0": [
							0,
							0,
							17.5
						]
					},
					"position": {
						"0.0": [
							-0.7,
							0,
							0
						],
						"1.9375": [
							-0.7,
							0,
							0
						],
						"4.0": [
							-0.7,
							0,
							0
						]
					}
				},
				"nose": {
					"rotation": {
						"0.0": [
							0,
							0,
							0
						],
						"0.625": [
							5,
							0,
							0
						],
						"1.75": [
							0,
							0,
							0
						],
						"2.75": [
							5,
							0,
							0
						],
						"4.0": [
							0,
							0,
							0
						]
					}
				},
				"eye": {
					"position": {
						"0.0": [
							-3,
							0,
							0
						],
						"0.75": [
							-3,
							0,
							0
						],
						"2.0625": [
							-3,
							0,
							0
						],
						"2.125": [
							2,
							0,
							0
						],
						"3.8125": [
							2,
							0,
							0
						],
						"3.875": [
							-3,
							0,
							0
						]
					}
				}
			}
		},
		"animation.karkerkarkurkur.walk": {
			"loop": true,
			"animation_length": 1.25,
			"bones": {
				"h": {
					"rotation": {
						"0.0": [
							0,
							0,
							0
						],
						"0.2917": [
							0,
							0,
							2.5
						],
						"0.7917": [
							0,
							0,
							-2.5
						],
						"1.25": [
							0,
							0,
							0
						]
					}
				},
				"left_arm": {
					"rotation": {
						"0.0": [
							-5,
							0,
							0
						],
						"0.375": [
							2.5,
							0,
							0
						],
						"1.25": [
							-5,
							0,
							0
						]
					},
					"position": {
						"0.0": [
							0,
							0,
							0
						],
						"0.2917": [
							0,
							-2,
							0
						],
						"1.25": [
							0,
							0,
							0
						]
					}
				},
				"right_leg": {
					"rotation": {
						"0.0": [
							10,
							10,
							0
						],
						"0.1667": [
							23.0144,
							10,
							0
						],
						"0.2917": [
							0,
							10,
							0
						],
						"0.4583": [
							-18.0394,
							10,
							0
						],
						"0.625": [
							-10,
							10,
							0
						],
						"0.9167": [
							0,
							10,
							0
						],
						"1.25": [
							10,
							10,
							0
						]
					},
					"position": {
						"0.0": [
							0,
							1,
							1
						],
						"0.2917": [
							0,
							4,
							0
						],
						"0.4583": [
							0,
							5,
							-2
						],
						"0.625": [
							0,
							0,
							-4
						],
						"0.9167": [
							0,
							0,
							0
						],
						"1.25": [
							0,
							1,
							1
						]
					}
				},