{
	"format_version": "1.8.0",
	"animations": {
		"animation.ketupatkepat.idle": {
			"animation_length": 4,
			"bones": {
				"left_arm": {
					"rotation": {
						"0.0": [
							0,
							0,
							0
						],
						"1.125": [
							0,
							0,
							-2.5
						],
						"2.0": [
							0,
							0,
							0
						],
						"3.125": [
							0,
							0,
							-2.5
						],
						"4.0": [
							0,
							0,
							0
						]
					}
				},
				"right_arm": {
					"rotation": {
						"0.0": [
							0,
							0,
							0
						],
						"1.125": [
							0,
							0,
							2.5
						],
						"2.0": [
							0,
							0,
							0
						],
						"3.125": [
							0,
							0,
							2.5
						],
						"4.0": [
							0,
							0,
							0
						]
					}
				},
				"torso": {
					"rotation": {
						"0.0": [
							0,
							0,
							0
						],
						"1.125": [
							10,
							0,
							0
						],
						"2.0": [
							0,
							0,
							0
						],
						"3.125": [
							10,
							0,
							0
						],
						"4.0": [
							0,
							0,
							0
						]
					},
					"position": {
						"0.0": [
							0,
							0,
							0
						],
						"1.0": [
							0,
							-1,
							0
						],
						"2.0": [
							0,
							0,
							0
						],
						"3.0": [
							0,
							-1,
							0
						],
						"4.0": [
							0,
							0,
							0
						]
					}
				},
				"nose": {
					"rotation": {
						"0.0": [
							0,
							0,
							0
						],
						"0.625": [
							5,
							0,
							0
						],
						"1.75": [
							0,
							0,
							0
						],
						"2.75": [
							5,
							0,
							0
						],
						"4.0": [
							0,
							0,
							0
						]
					}
				}
			}
		},
		"animation.ketupatkepat.walk": {
			"loop": true,
			"animation_length": 0.9921,
			"bones": {
				"h": {
					"rotation": {
						"0.0": [
							0,
							0,
							0
						],
						"0.25": [
							0,
							0,
							2.5
						],
						"0.625": [
							0,
							0,
							-2.5
						],
						"1.0": [
							0,
							0,
							0
						]
					}
				},
				"left_arm": {
					"rotation": {
						"0.0": [
							-22.13867,
							8.07884,
							-3.69712
						],
						"0.5": [
							18.29388,
							-16.66577,
							-5.41615
						],
						"1.0": [
							-22.13867,
							8.07884,
							-3.69712
						]
					}
				},
				"right_leg": {
					"rotation": {
						"0.0": [
							10,
							-10,
							0
						],
						"0.125": [
							23.0144,
							-10,
							0
						],
						"0.25": [
							0,
							-10,
							0
						],
						"0.375": [
							-18.0394,
							-10,
							0
						],
						"0.5": [
							-10,
							-10,
							0
						],
						"0.7083": [
							0,
							-10,
							0
						],
						"1.0": [
							10,
							-10,
							0
						]
					},
					"position": {
						"0.0": [
							0,
							1,
							1
						],
						"0.25": [
							0,
							4,
							0
						],
						"0.375": [
							0,
							5,
							-2
						],
						"0.5": [
							0,
							0,
							-4
						],
						"0.7083": [
							0,
							0,
							0
						],
						"1.0": [
							0,
							1,
							1
						]
					}
				},
				"all": {
					"position": {
						"0.0": [
							0,
							0,
							0
						],
						"0.125": [
							0,
							0,
							0
						],
						"0.375": [
							0,
							0,
							0
						],
						"0.5": [
							0,
							0,
							0
						],
						"0.625": [
							0,
							0,
							0
						],
						"0.875": [
							0,
							-1,
							0
						],
						"1.0": [
							0,
							0,
							0
						]
					}
				},
				"left_leg": {
					"rotation": {
						"0.0": [
							-10,
							10,
							0
						],
						"0.25": [
							0,
							10,
							0
						],
						"0.5": [
							10,
							10,
							0
						],
						"0.625": [
							23.0144,
							10,
							0
						],
						"0.7083": [
							0,
							10,
							0
						],
						"0.875": [
							-18.0394,
							10,
							0
						],
						"1.0": [
							-10,
							10,
							0
						]
					},
					"position": {
						"0.0": [
							0,
							0,
							-4
						],
						"0.25": [
							0,
							0,
							0
						],
						"0.5": [
							0,
							1,
							1
						],
						"0.7083": [
							0,
							4,
							0
						],
						"0.875": [
							0,
							5,
							-2
						],
						"1.0": [
							0,
							0,
							-4
						]
					}
				},
				"right_arm": {
					"rotation": {
						"0.0": [
							30.32297,
							34.43828,
							8.32212
						],
						"0.5": [
							-54.01124,
							61.43443,
							-17.50327
						],
						"1.0": [
							30.32297,
							34.43828,
							8.32212
						]
					}
				},
				"torso": {
					"rotation": {
						"0.0": [
							0,
							5,
							0
						],
						"0.25": [
							7.46284,
							3.5889,
							-9.23274
						],
						"0.5": [
							14.94165,
							-0.16951,
							1.29257
						],
						"0.75": [
							7.31394,
							1.34092,
							10.53123
						],
						"1.0": [
							0,
							5,
							0
						]
					},
					"position": {
						"0.0": [
							0,
							0,
							0
						],
						"0.125": [
							0,
							0,
							0
						],
						"0.25": [
							0,
							1,
							0
						],
						"0.5": [
							0,
							-1.14,
							0
						],
						"0.625": [
							0,
							0,
							0
						],
						"0.75": [
							0,
							1,
							0
						],
						"1.0": [
							0,
							0,
							0
						]
					}
				},
				"nose": {
					"rotation": {
						"0.0": [
							0,
							0,
							0
						],
						"0.25": [
							0,
							5,
							0
						],
						"0.5": [
							0,
							0,
							0
						],
						"0.7083": [
							0,
							-5,
							0
						],
						"1.0": [
							0,
							0,
							0
						]
					}
				},
				"head": {
					"rotation": [
						0,
						0,
						0
					]
				},
				"bone": {
					"rotation": {
						"0.0": [
							0,
							0,
							0
						],
						"0.2917": [
							-10,
							0,
							0
						],
						"0.7083": [
							27.33,
							0,
							0
						],
						"1.0": [
							0,
							0,
							0
						]
					}
				}
			}
		},
		"animation.ketupatkepat.attack": {
			"animation_length": 1.375,
			"bones": {
				"left_arm": {
					"rotation": {
						"0.0": [
							0,
							0,
							0
						],
						"0.4167": [
							35.36981,
							4.04364,
							-7.30804
						],
						"0.5": [
							32.2608,
							-15.86821,
							21.78585
						],
						"1.0833": [
							32.2608,
							-15.86821,
							21.78585
						],
						"1.375": [
							0,
							0,
							0
						]
					}
				},
				"right_leg": {
					"rotation": {
						"0.0": [
							0,
							0,
							0
						],
						"0.4167": [
							0,
							20,
							0
						],
						"0.5": [
							13.34199,
							18.23565,
							19.9727
						],
						"1.0833": [
							13.34199,
							18.23565,
							19.9727
						],
						"1.375": [
							0,
							0,
							0
						]
					},
					"position": {
						"0.0": [
							0,
							0,
							0
						],
						"0.5": [
							0,
							0,
							2
						],
						"1.0833": [
							0,
							0,
							2
						],
						"1.375": [
							0,
							0,
							0
						]
					}
				},
				"left_leg": {
					"rotation": {
						"0.0": [
							0,
							0,
							0
						],
						"0.4167": [
							0,
							0,
							0
						],
						"0.5833": [
							0,
							12.5,
							0
						],
						"1.0417": [
							0,
							12.5,
							0
						],
						"1.375": [
							0,
							0,
							0
						]
					},
					"position": {
						"0.0": [
							0,
							0,
							0
						],
						"0.4167": [
							1,
							0,
							0
						],
						"0.5833": [
							2,
							0,
							5
						],
						"1.0417": [
							2,
							0,
							5
						],
						"1.375": [
							0,
							0,
							0
						]
					}
				},
				"right_arm": {
					"rotation": {
						"0.0": [
							0,
							0,
							0
						],
						"0.4583": [
							-90.77668,
							51.36818,
							-47.57043
						],