{
	"format_version": "1.8.0",
	"animations": {
		"animation.mateooo.idle": {
			"loop": true,
			"animation_length": 2.0833,
			"bones": {
				"head": {
					"rotation": {
						"0.0": [
							0,
							0,
							0
						],
						"1.5417": [
							12.5,
							0,
							0
						],
						"2.0833": [
							0,
							0,
							0
						]
					}
				},
				"right_arm": {
					"rotation": {
						"0.0": [
							0,
							0,
							10
						],
						"0.75": [
							0,
							5,
							10
						],
						"2.0833": [
							0,
							0,
							10
						]
					}
				},
				"left_arm": {
					"rotation": {
						"0.0": [
							7.7614,
							-14.8687,
							-9.50307
						],
						"1.4167": [
							7.61435,
							-9.91358,
							-8.81845
						],
						"2.0833": [
							7.7614,
							-14.8687,
							-9.50307
						]
					}
				},
				"right_leg": {
					"rotation": [
						0,
						12.5,
						0
					],
					"position": [
						-0.5,
						0,
						0
					]
				},
				"left_leg": {
					"rotation": [
						5.17544,
						-14.94159,
						-6.3378
					],
					"position": [
						0.5,
						0,
						1
					]
				},
				"torso": {
					"rotation": {
						"0.0": [
							0,
							0,
							0
						],
						"0.2917": [
							2.5,
							0,
							0
						],
						"1.0417": [
							0,
							0,
							0
						],
						"1.625": [
							-2.5,
							0,
							0
						],
						"2.0833": [
							0,
							0,
							0
						]
					},
					"position": {
						"0.0": [
							0,
							0,
							0
						],
						"1.0417": [
							0,
							-0.5,
							0
						],
						"2.0833": [
							0,
							0,
							0
						]
					}
				}
			}
		},
		"animation.mateooo.angry_walk": {
			"loop": true,
			"animation_length": 0.5096,
			"bones": {
				"head": {
					"rotation": {
						"0.0": [
							-7.26332,
							10.06197,
							-1.50855
						],
						"0.0833": [
							-14.52728,
							10.24688,
							-0.53264
						],
						"0.1667": [
							-22.34371,
							7.19923,
							-2.79089
						],
						"0.2917": [
							-9.68453,
							10.11005,
							-1.18076
						],
						"0.4167": [
							-14.52728,
							10.24688,
							-0.53264
						],
						"0.5": [
							-7.26332,
							10.06197,
							-1.50855
						]
					}
				},
				"right_arm": {
					"rotation": [
						-51.71107,
						76.22588,
						75.85512
					],
					"position": [
						0,
						1,
						0
					]
				},
				"left_arm": {
					"rotation": [
						-51.71107,
						-76.22588,
						-75.85512
					]
				},
				"golden_shield": {
					"rotation": [
						60.04617,
						54.15002,
						-29.73971
					],
					"position": [
						1,
						-2,
						-2
					]
				},
				"right_leg": {
					"rotation": {
						"0.0": [
							-10,
							10,
							0
						],
						"0.1667": [
							0,
							10,
							0
						],
						"0.25": [
							10,
							10,
							0
						],
						"0.3333": [
							23.0144,
							10,
							0
						],
						"0.375": [
							0,
							10,
							0
						],
						"0.4583": [
							-18.0394,
							10,
							0
						],
						"0.5": [
							-10,
							10,
							0
						]
					},
					"position": {
						"0.0": [
							0,
							0,
							-2
						],
						"0.1667": [
							0,
							0,
							0
						],
						"0.25": [
							0,
							0,
							1
						],
						"0.375": [
							0,
							4,
							0
						],
						"0.5": [
							0,
							0,
							-2
						]
					}
				},
				"left_leg": {
					"rotation": {
						"0.0": [
							10,
							-10,
							0
						],
						"0.0417": [
							23.0144,
							-10,
							0
						],
						"0.1667": [
							-18.0394,
							-10,
							0
						],
						"0.25": [
							-10,
							-10,
							0
						],
						"0.375": [
							0,
							-10,
							0
						],
						"0.5": [
							10,
							-10,
							0
						]
					},
					"position": {
						"0.0": [
							0,
							0,
							1
						],
						"0.1667": [
							0,
							4,
							0
						],
						"0.25": [
							0,
							0,
							-2
						],
						"0.375": [
							0,
							0,
							0
						],
						"0.5": [
							0,
							0,
							1
						]
					}
				},
				"torso": {
					"rotation": {
						"0.0": [
							10,
							0,
							0
						],
						"0.125": [
							21.96368,
							0,
							4.37505
						],
						"0.25": [
							11.04944,
							0,
							-5.02653
						],
						"0.375": [
							16.00994,
							0,
							-4.92257
						],
						"0.5": [
							10,
							0,
							0
						]
					},
					"position": {
						"0.0": [
							0,
							0,
							0
						],
						"0.125": [
							0,
							0.5,
							1
						],
						"0.25": [
							0,
							1,
							0
						],
						"0.375": [
							0,
							0.5,
							0
						],
						"0.5": [
							0,
							0,
							0
						]
					}
				},
				"hair": {
					"rotation": {
						"0.0": [
							0,
							0,
							0
						],
						"0.1667": [
							34,
							0,
							0
						],
						"0.3333": [
							23.55,
							0,
							0
						],
						"0.5": [
							0,
							0,
							0
						]
					}
				}
			}
		},
		"animation.mateooo.attack": {
			"animation_length": 0.9167,
			"bones": {
				"head": {
					"rotation": {
						"0.0": [
							5,
							-15,
							0
						],
						"0.125": [
							5.95597,
							-6.76746,
							14.97546
						],
						"0.25": [
							-23.39187,
							28.95096,
							-14.22489
						],
						"0.9167": [
							0,
							0,
							0
						]
					},
					"position": {
						"0.0": [
							0,
							0,
							0
						],
						"0.25": [
							0,
							0,
							0
						],
						"0.9167": [
							0,
							0,
							0
						]
					}
				},
				"right_arm": {
					"rotation": {
						"0.0": [
							-147.5,
							0,
							0
						],
						"0.2083": [
							-147.5,
							0,
							0
						],
						"0.3333": [
							-12.5,
							0,
							0
						],
						"0.5": [
							-10.86815,
							6.21271,
							29.40842
						],
						"0.875": [
							0,
							0,
							0
						]
					},
					"position": {
						"0.0": [
							0,
							0,
							0
						],
						"0.1667": [
							0,
							2,
							0
						],
						"0.25": [
							0,
							-2,
							-3
						],
						"0.9167": [
							0,
							0,
							0
						]
					}
				},
				"left_arm": {
					"rotation": {
						"0.0": [
							0,
							0,
							0
						],
						"0.1667": [
							0,
							0,
							-20
						],
						"0.4583": [
							-185.12076,
							-12.45167,
							1.10693
						],
						"0.5417": [
							-35.12076,
							-12.45167,
							1.10693
						],
						"0.7083": [
							-35.12076,
							-12.45167,
							1.10693
						],
						"0.9167": [
							0,
							0,
							0
						]
					}
				},
				"golden_shield": {
					"rotation": {
						"0.0": [
							0,
							32.5,
							0
						],
						"0.9167": [
							0,
							35,
							0
						]
					},
					"position": {
						"0.0": [
							-1,
							0,
							-2
						],
						"0.9167": [
							0,
							0,
							-1
						]
					}
				},
				"right_leg": {
					"rotation": {
						"0.0": [
							10,
							12.5,
							5
						],
						"0.125": [
							7.5,
							22.5,
							5
						],
						"0.2083": [
							9.91583,
							17.20689,
							18.99253
						],
						"0.9167": [
							10,
							12.5,
							5
						]
					},
					"position": {
						"0.0": [
							-1,
							0,
							1
						],
						"0.125": [
							-1.25,
							0,
							-1.75
						],
						"0.2083": [
							0,
							0,
							-5.67
						],
						"0.9167": [
							-1,
							0,
							1
						]
					}
				},
				"left_leg": {
					"rotation": {
						"0.0": [
							0,
							-20,
							-2.5
						],
						"0.125": [
							15,
							-20,
							-2.5
						],
						"0.2083": [
							15,
							-20,
							-2.5
						],
						"0.4583": [
							15,
							-20,
							-2.5
						],
						"0.9167": [
							0,
							-20,
							-2.5
						]
					},