{
	"format_version": "1.8.0",
	"animations": {
		"animation.orangutini_ananasini.idle": {
			"loop": true,
			"animation_length": 2.0833,
			"bones": {
				"right_arm": {
					"rotation": {
						"0.0": [
							0,
							0,
							10
						],
						"0.75": [
							0,
							5,
							10
						],
						"2.0833": [
							0,
							0,
							10
						]
					},
					"position": [
						0,
						0,
						0
					]
				},
				"left_arm": {
					"rotation": {
						"0.0": [
							7.7614,
							-14.8687,
							-9.50307
						],
						"1.4167": [
							7.61435,
							-9.91358,
							-8.81845
						],
						"2.0833": [
							7.7614,
							-14.8687,
							-9.50307
						]
					},
					"position": [
						0,
						0,
						0
					]
				},
				"right_leg": {
					"rotation": [
						0,
						12.5,
						0
					],
					"position": [
						-0.5,
						0,
						0
					]
				},
				"left_leg": {
					"rotation": [
						5.17544,
						-14.94159,
						-6.3378
					],
					"position": [
						0.5,
						0,
						1
					]
				},
				"torso": {
					"rotation": {
						"0.0": [
							0,
							0,
							0
						],
						"1.5417": [
							6,
							0,
							0
						],
						"2.0833": [
							0,
							0,
							0
						]
					},
					"position": {
						"0.0": [
							0,
							0,
							0
						],
						"1.0417": [
							0,
							-0.5,
							0
						],
						"2.0833": [
							0,
							0,
							0
						]
					}
				},
				"head": {
					"rotation": [
						0,
						0,
						0
					],
					"position": [
						0,
						0,
						0
					]
				},
				"top": {
					"rotation": {
						"0.0": [
							0,
							0,
							-10
						],
						"0.4583": [
							0,
							0,
							10
						],
						"2.0833": [
							0,
							0,
							-10
						]
					}
				}
			}
		},
		"animation.orangutini_ananasini.attack": {
			"animation_length": 0.7494,
			"bones": {
				"right_arm": {
					"rotation": {
						"0.0": [
							7.7614,
							14.8687,
							9.50307
						],
						"0.2083": [
							-172.12352,
							72.32786,
							-36.73868
						],
						"0.375": [
							-105.15458,
							4.44655,
							15.59402
						],
						"0.5": [
							-105.15458,
							4.44655,
							15.59402
						],
						"0.75": [
							7.7614,
							14.8687,
							9.50307
						]
					},
					"position": {
						"0.0": [
							0,
							0,
							0
						],
						"0.375": [
							0,
							0,
							-8
						],
						"0.5": [
							0,
							0,
							-8
						],
						"0.75": [
							0,
							0,
							0
						]
					}
				},
				"left_arm": {
					"rotation": {
						"0.0": [
							7.7614,
							-14.8687,
							-9.50307
						],
						"0.2083": [
							-172.12352,
							-72.32786,
							36.73868
						],
						"0.375": [
							-105.15458,
							-4.44655,
							-15.59402
						],
						"0.5": [
							-105.15458,
							-4.44655,
							-15.59402
						],
						"0.75": [
							7.7614,
							-14.8687,
							-9.50307
						]
					},
					"position": {
						"0.0": [
							0,
							0,
							0
						],
						"0.375": [
							0,
							0,
							-8
						],
						"0.5": [
							0,
							0,
							-8
						],
						"0.75": [
							0,
							0,
							0
						]
					}
				},
				"golden_shield": {
					"rotation": {
						"0.0": [
							0,
							32.5,
							0
						],
						"0.6667": [
							0,
							35,
							0
						]
					},
					"position": {
						"0.0": [
							-1,
							0,
							-2
						],
						"0.6667": [
							0,
							0,
							-1
						]
					}
				},
				"right_leg": {
					"rotation": {
						"0.0": [
							0,
							12.5,
							0
						],
						"0.1667": [
							7.5,
							22.5,
							5
						],
						"0.25": [
							9.91583,
							17.20689,
							18.99253
						],
						"0.3333": [
							10,
							12.5,
							5
						],
						"0.5": [
							10,
							12.5,
							5
						],
						"0.7083": [
							0,
							12.5,
							0
						]
					},
					"position": {
						"0.0": [
							-0.5,
							0,
							0
						],
						"0.1667": [
							-1.25,
							0,
							-1.75
						],
						"0.25": [
							0,
							0,
							-5.67
						],
						"0.3333": [
							-1,
							0,
							1
						],
						"0.5": [
							-1,
							0,
							1
						],
						"0.7083": [
							-0.5,
							0,
							0
						]
					}
				},
				"left_leg": {
					"rotation": {
						"0.0": [
							5.17544,
							-14.94159,
							-6.3378
						],
						"0.1667": [
							15,
							-20,
							-2.5
						],
						"0.2083": [
							15,
							-20,
							-2.5
						],
						"0.3333": [
							15,
							-20,
							-2.5
						],
						"0.5": [
							0,
							-20,
							-2.5
						],
						"0.7083": [
							5.17544,
							-14.94159,
							-6.3378
						]
					},
					"position": {
						"0.0": [
							0.5,
							0,
							1
						],
						"0.0417": [
							0,
							1,
							-2
						],
						"0.1667": [
							0,
							2,
							-7
						],
						"0.2083": [
							1,
							0,
							-3
						],
						"0.3333": [
							0,
							0.79,
							-2
						],
						"0.5": [
							0,
							0,
							-2
						],
						"0.7083": [
							0.5,
							0,
							1
						]
					}
				},
				"torso": {
					"rotation": {
						"0.0": [
							0,
							0,
							0
						],
						"0.1667": [
							-22.5,
							0,
							0
						],
						"0.2083": [
							-27.5,
							0,
							0
						],
						"0.25": [
							27.5,
							0,
							0
						],
						"0.2917": [
							50,
							0,
							0
						],
						"0.375": [
							50,
							0,
							0
						],
						"0.5417": [
							50,
							0,
							0
						],
						"0.75": [
							0,
							0,
							0
						]
					},
					"position": {
						"0.0": [
							0,
							0,
							0
						],
						"0.1667": [
							-0.25,
							0,
							-1
						],
						"0.25": [
							-0.96,
							-0.86,
							-3.14
						],
						"0.2917": [
							-0.25,
							0,
							-4
						],
						"0.375": [
							-0.25,
							0,
							-4
						],
						"0.5417": [
							-0.25,
							0,
							-4
						],
						"0.75": [
							0,
							0,
							0
						]
					}
				},
				"hair": {
					"rotation": {
						"0.0": [
							0,
							0,
							0
						],
						"0.0833": [
							70.43162,
							26.12797,
							-8.89674
						],
						"0.375": [
							0,
							0,
							0
						]
					}
				},
				"head": {
					"position": {
						"0.0": [
							0,
							0,
							0
						],
						"0.75": [
							0,
							0,
							0
						]
					}
				}
			}
		},
		"animation.orangutini_ananasini.walk": {
			"loop": true,
			"animation_length": 1.875,
			"bones": {
				"right_leg": {
					"rotation": {
						"0.0": [
							-10,
							10,
							0
						],
						"0.5417": [
							0,
							10,
							0
						],
						"1.0": [
							10,
							10,
							0
						],
						"1.2083": [
							23.0144,
							10,
							0
						],
						"1.4167": [
							0,
							10,
							0
						],
						"1.625": [
							-18.0394,
							10,
							0
						],
						"1.875": [
							-10,
							10,
							0
						]
					},
					"position": {
						"0.0": [
							0,
							0,
							0
						],
						"0.25": [
							0,
							0,
							1.31
						],
						"0.5417": [
							0,
							0,
							0
						],
						"1.0": [
							0,
							0,
							1
						],
						"1.4167": [
							0,
							4,
							0
						],
						"1.6667": [
							-0.4,
							1.8,
							0.4
						],
						"1.875": [
							0,
							0,
							0
						]
					}
				},
				"left_leg": {
					"rotation": {
						"0.0": [
							10,
							-10,
							0
						],
						"0.2083": [
							23.0144,
							-10,
							0
						],
						"0.5417": [
							0,
							-10,
							0
						],
						"0.6667": [
							-18.0394,
							-10,
							0
						],
						"1.0": [
							-10,
							-10,
							0
						],
						"1.4167": [
							0,
							-10,
							0
						],
						"1.875": [
							10,
							-10,
							0
						]
					},