{
	"format_version": "1.8.0",
	"animations": {
		"animation.pak_rahmat_ma_mat.attack": {
			"animation_length": 1.0036,
			"bones": {
				"left_arm": {
					"rotation": {
						"0.0": [
							0,
							0,
							0
						],
						"0.2917": [
							35.36981,
							4.04364,
							-7.30804
						],
						"0.4583": [
							-112.96154,
							-38.08112,
							28.02737
						],
						"0.7917": [
							-112.96,
							-38.08,
							28.03
						],
						"1.0": [
							0,
							0,
							0
						]
					}
				},
				"right_leg": {
					"rotation": {
						"0.0": [
							0,
							0,
							0
						],
						"0.3333": [
							67.5,
							0,
							0
						],
						"0.5": [
							-80,
							0,
							0
						],
						"0.7917": [
							-102.5,
							0,
							0
						],
						"1.0": [
							0,
							0,
							0
						]
					},
					"position": {
						"0.0": [
							0,
							0,
							0
						],
						"0.3333": [
							0,
							0,
							33
						],
						"0.5": [
							0,
							0,
							-49
						],
						"0.7917": [
							0,
							11,
							-56
						],
						"1.0": [
							0,
							0,
							0
						]
					}
				},
				"left_leg": {
					"rotation": {
						"0.0": [
							0,
							0,
							0
						],
						"0.2917": [
							0,
							0,
							0
						],
						"0.4167": [
							0,
							12.5,
							0
						],
						"0.75": [
							0,
							12.5,
							0
						],
						"1.0": [
							0,
							0,
							0
						]
					},
					"position": {
						"0.0": [
							0,
							0,
							0
						],
						"0.2917": [
							1,
							0,
							0
						],
						"0.4167": [
							2,
							0,
							5
						],
						"0.75": [
							2,
							0,
							5
						],
						"1.0": [
							0,
							0,
							0
						]
					}
				},
				"right_arm": {
					"rotation": {
						"0.0": [
							0,
							0,
							0
						],
						"0.2917": [
							35.36981,
							-4.04364,
							7.30804
						],
						"0.4583": [
							-112.96154,
							38.08112,
							-28.02737
						],
						"0.7917": [
							-112.96,
							38.08,
							-28.03
						],
						"1.0": [
							0,
							0,
							0
						]
					}
				},
				"torso": {
					"rotation": {
						"0.0": [
							0,
							0,
							0
						],
						"0.3333": [
							27.5,
							0,
							0
						],
						"0.5": [
							-32.5,
							0,
							0
						],
						"0.7917": [
							-40,
							0,
							0
						],
						"1.0": [
							0,
							0,
							0
						]
					}
				},
				"bone": {
					"rotation": {
						"0.0": [
							0,
							0,
							0
						],
						"0.2917": [
							22.5,
							0,
							0
						],
						"0.625": [
							0,
							0,
							0
						],
						"0.7917": [
							0,
							0,
							0
						],
						"1.0": [
							0,
							0,
							0
						]
					}
				},
				"nose": {
					"rotation": {
						"0.0": [
							0,
							0,
							0
						],
						"0.375": [
							30,
							0,
							0
						],
						"0.5417": [
							-32.5,
							0,
							0
						],
						"0.625": [
							0,
							0,
							0
						],
						"0.7917": [
							0,
							0,
							0
						],
						"1.0": [
							0,
							0,
							0
						]
					}
				}
			}
		},
		"animation.pak_rahmat_ma_mat.attack2": {
			"animation_length": 1.5,
			"bones": {
				"right_leg": {
					"rotation": {
						"0.0": [
							0,
							0,
							0
						],
						"0.0833": [
							0,
							32.5,
							0
						],
						"1.3333": [
							0,
							32.5,
							0
						],
						"1.4167": [
							-35,
							0,
							0
						],
						"1.5": [
							0,
							0,
							0
						]
					},
					"position": {
						"0.0": [
							0,
							0,
							0
						],
						"0.0833": [
							0,
							0,
							32
						],
						"1.3333": [
							0,
							0,
							32
						],
						"1.4167": [
							0,
							12,
							15
						],
						"1.5": [
							0,
							0,
							0
						]
					}
				},
				"left_leg": {
					"rotation": {
						"0.0": [
							0,
							0,
							0
						],
						"0.1667": [
							0,
							-15,
							0
						],
						"1.375": [
							0,
							-15,
							0
						],
						"1.5": [
							0,
							0,
							0
						]
					}
				},
				"torso": {
					"rotation": {
						"0.0": [
							0,
							0,
							0
						],
						"0.0833": [
							122.5,
							0,
							0
						],
						"0.1667": [
							72.5,
							0,
							0
						],
						"0.25": [
							122.5,
							0,
							0
						],
						"0.3333": [
							72.5,
							0,
							0
						],
						"0.4167": [
							122.5,
							0,
							0
						],
						"0.5": [
							72.5,
							0,
							0
						],
						"0.5833": [
							122.5,
							0,
							0
						],
						"0.6667": [
							72.5,
							0,
							0
						],
						"0.75": [
							122.5,
							0,
							0
						],
						"0.8333": [
							72.5,
							0,
							0
						],
						"0.9167": [
							122.5,
							0,
							0
						],
						"1.0": [
							72.5,
							0,
							0
						],
						"1.0833": [
							122.5,
							0,
							0
						],
						"1.1667": [
							72.5,
							0,
							0
						],
						"1.25": [
							122.5,
							0,
							0
						],
						"1.3333": [
							72.5,
							0,
							0
						],
						"1.5": [
							0,
							0,
							0
						]
					},
					"position": {
						"0.0": [
							0,
							0,
							0
						],
						"0.0833": [
							0,
							-38,
							-5
						],
						"0.1667": [
							0,
							-56,
							-23
						],
						"0.25": [
							0,
							-38,
							-5
						],
						"0.3333": [
							0,
							-56,
							-23
						],
						"0.4167": [
							0,
							-38,
							-5
						],
						"0.5": [
							0,
							-56,
							-23
						],
						"0.5833": [
							0,
							-38,
							-5
						],
						"0.6667": [
							0,
							-56,
							-23
						],
						"0.75": [
							0,
							-38,
							-5
						],
						"0.8333": [
							0,
							-56,
							-23
						],
						"0.9167": [
							0,
							-38,
							-5
						],
						"1.0": [
							0,
							-56,
							-23
						],
						"1.0833": [
							0,
							-38,
							-5
						],
						"1.1667": [
							0,
							-56,
							-23
						],
						"1.25": [
							0,
							-38,
							-5
						],
						"1.3333": [
							0,
							-56,
							-23
						],
						"1.5": [
							0,
							0,
							0
						]
					}
				}
			}
		},
		"animation.pak_rahmat_ma_mat.walk": {
			"loop": true,
			"animation_length": 1.25,
			"bones": {
				"h": {
					"rotation": {
						"0.0": [
							0,
							0,
							0
						],
						"0.2917": [
							0,
							0,
							2.5
						],
						"0.7917": [
							0,
							0,
							-2.5
						],
						"1.25": [
							0,
							0,
							0
						]
					}
				},
				"left_arm": {
					"rotation": {
						"0.0": [
							-22.13867,
							8.07884,
							-3.69712
						],
						"0.625": [
							18.29388,
							-16.66577,
							-5.41615
						],
						"1.25": [
							-22.13867,
							8.07884,
							-3.69712
						]
					},
					"position": {
						"0.0": [
							0,
							0,
							0
						],
						"0.2917": [
							0,
							-2,
							0
						],
						"1.25": [
							0,
							0,
							0
						]
					}
				},
				"right_leg": {
					"rotation": {
						"0.0": [
							10,
							-10,
							0
						],
						"0.1667": [
							23.0144,
							-10,
							0
						],
						"0.2917": [
							0,
							-10,
							0
						],
						"0.4583": [
							-18.0394,
							-10,
							0
						],
						"0.625": [
							-10,
							-10,
							0
						],
						"0.9167": [
							0,
							-10,
							0
						],
						"1.25": [
							10,
							-10,
							0
						]
					},
					"position": {
						"0.0": [
							0,
							1,
							1
						],
						"0.2917": [
							0,
							4,
							0
						],
						"0.4583": [
							0,
							5,
							-2
						],
						"0.625": [
							0,
							0,
							-4
						],
						"0.9167": [
							0,
							0,
							0
						],