{
	"format_version": "1.8.0",
	"animations": {
		"animation.rhino_toasterino.attack": {
			"animation_length": 1,
			"bones": {
				"left_arm": {
					"rotation": {
						"0.0": [
							0,
							0,
							40
						],
						"0.3333": [
							33.28558,
							7.30014,
							-39.50495
						],
						"0.5833": [
							32.82944,
							-9.33106,
							-14.4443
						],
						"0.8333": [
							16.26381,
							-30.26186,
							31.38888
						],
						"1.0": [
							0,
							0,
							40
						]
					},
					"position": {
						"0.0": [
							0,
							0,
							0
						],
						"0.3333": [
							-1,
							1,
							0
						],
						"0.8333": [
							-1,
							1,
							0
						],
						"1.0": [
							0,
							0,
							0
						]
					}
				},
				"right_leg": {
					"rotation": {
						"0.0": [
							0,
							0,
							0
						],
						"0.1667": [
							0,
							-17.5,
							0
						],
						"0.375": [
							0,
							-17.5,
							0
						],
						"0.4583": [
							0,
							0,
							0
						]
					}
				},
				"left_leg": {
					"rotation": {
						"0.0": [
							0,
							0,
							0
						],
						"0.1667": [
							0,
							0,
							20
						],
						"0.4167": [
							-11.48325,
							3.16374,
							7.97077
						],
						"0.5": [
							0,
							0,
							0
						],
						"0.8333": [
							0,
							0,
							0
						],
						"1.0": [
							0,
							0,
							0
						]
					}
				},
				"right_arm": {
					"rotation": {
						"0.0": [
							0,
							0,
							-40
						],
						"0.3333": [
							33.28558,
							-7.30014,
							39.50495
						],
						"0.5833": [
							32.82944,
							9.33106,
							14.4443
						],
						"0.8333": [
							16.26381,
							30.26186,
							"- 31.388881626"
						],
						"1.0": [
							0,
							0,
							-40
						]
					},
					"position": {
						"0.0": [
							0,
							0,
							0
						],
						"0.3333": [
							-1,
							1,
							0
						],
						"0.8333": [
							-1,
							1,
							0
						],
						"1.0": [
							0,
							0,
							0
						]
					}
				},
				"torso": {
					"rotation": {
						"0.0": [
							0,
							0,
							0
						],
						"0.25": [
							37.5,
							0,
							0
						],
						"0.3333": [
							40,
							0,
							0
						],
						"0.375": [
							25,
							0,
							0
						],
						"0.4583": [
							-42.5,
							0,
							0
						],
						"1.0": [
							0,
							0,
							0
						]
					}
				},
				"capa": {
					"rotation": {
						"0.0": [
							0,
							0,
							0
						],
						"0.2083": [
							0,
							0,
							0
						],
						"0.5833": [
							80,
							0,
							0
						],
						"1.0": [
							0,
							0,
							0
						]
					}
				},
				"head": {
					"rotation": {
						"0.0": [
							0,
							0,
							0
						],
						"0.1667": [
							25,
							0,
							0
						],
						"0.5": [
							-17.5,
							0,
							0
						],
						"1.0": [
							0,
							0,
							0
						]
					}
				},
				"tostada": {
					"rotation": {
						"0.0": [
							0,
							0,
							0
						],
						"0.4583": [
							50,
							0,
							0
						],
						"0.5833": [
							-43.93,
							0,
							0
						],
						"0.75": [
							0,
							0,
							0
						]
					},
					"position": {
						"0.0": [
							0,
							0,
							0
						],
						"0.3333": [
							0,
							0,
							0
						],
						"0.4583": [
							0,
							16,
							0
						],
						"0.6667": [
							0,
							0,
							0
						]
					}
				}
			}
		},
		"animation.rhino_toasterino.idle": {
			"animation_length": 4,
			"bones": {
				"left_arm": {
					"rotation": {
						"0.0": [
							-63.99329,
							-23.18704,
							-14.19125
						],
						"0.9375": [
							-53.99329,
							-23.18704,
							-14.19125
						],
						"1.9375": [
							-63.99329,
							-23.18704,
							-14.19125
						],
						"3.0": [
							-53.99329,
							-23.18704,
							-14.19125
						],
						"4.0": [
							-63.99329,
							-23.18704,
							-14.19125
						]
					},
					"position": {
						"0.0": [
							0.9,
							0.9,
							0
						],
						"1.9375": [
							0.9,
							0.9,
							0
						],
						"4.0": [
							0.9,
							0.9,
							0
						]
					}
				},
				"right_arm": {
					"rotation": {
						"0.0": [
							0,
							0,
							17.5
						],
						"0.9375": [
							10,
							0,
							17.5
						],
						"1.9375": [
							0,
							0,
							17.5
						],
						"3.0": [
							10,
							0,
							17.5
						],
						"4.0": [
							0,
							0,
							17.5
						]
					},
					"position": {
						"0.0": [
							-0.7,
							0,
							0
						],
						"1.9375": [
							-0.7,
							0,
							0
						],
						"4.0": [
							-0.7,
							0,
							0
						]
					}
				},
				"torso": {
					"position": {
						"0.0": [
							0,
							0,
							0
						],
						"1.0": [
							0,
							-1,
							0
						],
						"2.0": [
							0,
							0,
							0
						],
						"3.0": [
							0,
							-1,
							0
						],
						"4.0": [
							0,
							0,
							0
						]
					}
				},
				"nose": {
					"rotation": {
						"0.0": [
							0,
							0,
							0
						],
						"0.625": [
							5,
							0,
							0
						],
						"1.75": [
							0,
							0,
							0
						],
						"2.75": [
							5,
							0,
							0
						],
						"4.0": [
							0,
							0,
							0
						]
					}
				}
			}
		},
		"animation.rhino_toasterino.walk": {
			"loop": true,
			"animation_length": 1.25,
			"bones": {
				"h": {
					"rotation": {
						"0.0": [
							0,
							0,
							0
						],
						"0.2917": [
							0,
							0,
							2.5
						],
						"0.7917": [
							0,
							0,
							-2.5
						],
						"1.25": [
							0,
							0,
							0
						]
					}
				},
				"left_arm": {
					"rotation": {
						"0.0": [
							-19.2666,
							39.38226,
							-21.02242
						],
						"0.625": [
							27.95539,
							-27.79791,
							-2.82554
						],
						"1.25": [
							-19.2666,
							39.38226,
							-21.02242
						]
					},
					"position": {
						"0.0": [
							0,
							0,
							0
						],
						"0.2917": [
							0,
							-2,
							0
						],
						"1.25": [
							0,
							0,
							0
						]
					}
				},
				"right_leg": {
					"rotation": {
						"0.0": [
							10,
							-10,
							0
						],
						"0.1667": [
							23.0144,
							-10,
							0
						],
						"0.2917": [
							0,
							-10,
							0
						],
						"0.4583": [
							-18.0394,
							-10,
							0
						],
						"0.625": [
							-10,
							-10,
							0
						],
						"0.9167": [
							0,
							-10,
							0
						],
						"1.25": [
							10,
							-10,
							0
						]
					},
					"position": {
						"0.0": [
							0,
							1,
							1
						],
						"0.2917": [
							0,
							4,
							0
						],
						"0.4583": [
							0,
							5,
							-2
						],
						"0.625": [
							0,
							0,
							-4
						],
						"0.9167": [
							0,
							0,
							0
						],
						"1.25": [
							0,
							1,
							1
						]
					}
				},
				"all": {
					"position": {
						"0.0": [
							0,
							0,
							0
						],
						"0.1667": [
							0,
							0,
							0
						],
						"0.4583": [
							0,
							0,
							0
						],
						"0.625": [
							0,
							0,
							0
						],
						"0.7917": [
							0,
							0,
							0
						],
						"1.0833": [
							0,
							-1,
							0
						],
						"1.25": [
							0,
							0,
							0
						]
					}
				},
				"left_leg": {
					"rotation": {
						"0.0": [
							-10,
							10,
							0
						],
						"0.2917": [
							0,
							10,
							0
						],
						"0.625": [
							10,
							10,
							0
						],
						"0.7917": [
							23.0144,
							10,
							0
						],
						"0.9167": [
							0,
							10,
							0
						],
						"1.0833": [
							-18.0394,
							10,
							0
						],
						"1.25": [
							-10,
							10,
							0
						]
					},