{
	"format_version": "1.8.0",
	"animations": {
		"animation.sigma_boy.walk": {
			"loop": true,
			"animation_length": 1.0081,
			"bones": {
				"h": {
					"rotation": {
						"0.0": [
							0,
							0,
							0
						],
						"0.25": [
							0,
							0,
							2.5
						],
						"0.625": [
							0,
							0,
							-2.5
						],
						"1.0": [
							0,
							0,
							0
						]
					}
				},
				"left_arm": {
					"rotation": {
						"0.0": [
							-22.13867,
							8.07884,
							-3.69712
						],
						"0.5": [
							18.29388,
							-16.66577,
							-5.41615
						],
						"1.0": [
							-22.13867,
							8.07884,
							-3.69712
						]
					}
				},
				"right_leg": {
					"rotation": {
						"0.0": [
							10,
							0,
							0
						],
						"0.125": [
							23.0144,
							0,
							0
						],
						"0.25": [
							0,
							0,
							0
						],
						"0.375": [
							-18.0394,
							0,
							0
						],
						"0.5": [
							-10,
							0,
							0
						],
						"0.75": [
							0,
							0,
							0
						],
						"1.0": [
							10,
							0,
							0
						]
					},
					"position": {
						"0.0": [
							1,
							1,
							1
						],
						"0.25": [
							0.4,
							4,
							0
						],
						"0.375": [
							0.7,
							5,
							-1.4
						],
						"0.5": [
							0,
							0,
							-4.9
						],
						"0.75": [
							0.4,
							0,
							0
						],
						"1.0": [
							1,
							1,
							1
						]
					}
				},
				"all": {
					"position": {
						"0.0": [
							0,
							0,
							0
						],
						"0.125": [
							0,
							0,
							0
						],
						"0.375": [
							0,
							0,
							0
						],
						"0.5": [
							0,
							0,
							0
						],
						"0.625": [
							0,
							0,
							0
						],
						"0.875": [
							0,
							-1,
							0
						],
						"1.0": [
							0,
							0,
							0
						]
					}
				},
				"left_leg": {
					"rotation": {
						"0.0": [
							-10,
							0,
							0
						],
						"0.0833": [
							-7.11999,
							6.94598,
							-0.86882
						],
						"0.25": [
							0,
							0,
							0
						],
						"0.5": [
							10,
							0,
							0
						],
						"0.625": [
							23.0144,
							0,
							0
						],
						"0.75": [
							0,
							0,
							0
						],
						"0.875": [
							-18.0394,
							0,
							0
						],
						"1.0": [
							-10,
							0,
							0
						]
					},
					"position": {
						"0.0": [
							0,
							0,
							-4
						],
						"0.0833": [
							-0.5,
							0,
							-2.66
						],
						"0.25": [
							0,
							0,
							0
						],
						"0.5": [
							0,
							1,
							1
						],
						"0.75": [
							0,
							4,
							0
						],
						"0.875": [
							-0.4,
							5,
							-1.1
						],
						"1.0": [
							0,
							0,
							-4
						]
					}
				},
				"right_arm": {
					"rotation": {
						"0.0": [
							18.29388,
							16.66577,
							5.41615
						],
						"0.5": [
							-22.13867,
							-8.07884,
							3.69712
						],
						"1.0": [
							18.29388,
							16.66577,
							5.41615
						]
					}
				},
				"torso": {
					"rotation": {
						"0.0": [
							0,
							5,
							0
						],
						"0.25": [
							0,
							0,
							-4
						],
						"0.5": [
							0,
							-5,
							0
						],
						"0.75": [
							0,
							0,
							4
						],
						"1.0": [
							0,
							5,
							0
						]
					},
					"position": {
						"0.0": [
							0,
							0,
							0
						],
						"0.125": [
							0,
							0,
							0
						],
						"0.25": [
							0,
							1,
							0
						],
						"0.5": [
							0,
							-1.14,
							0
						],
						"0.625": [
							0,
							0,
							0
						],
						"0.75": [
							0,
							1,
							0
						],
						"1.0": [
							0,
							0,
							0
						]
					}
				},
				"bone": {
					"rotation": {
						"0.0": [
							0,
							0,
							0
						],
						"0.25": [
							10,
							0,
							0
						],
						"1.0": [
							0,
							0,
							0
						]
					}
				},
				"nose": {
					"rotation": {
						"0.0": [
							0,
							0,
							0
						],
						"0.25": [
							0,
							5,
							0
						],
						"0.5": [
							0,
							0,
							0
						],
						"0.75": [
							0,
							-5,
							0
						],
						"1.0": [
							0,
							0,
							0
						]
					}
				},
				"head": {
					"rotation": {
						"0.0": [
							0,
							0,
							5
						],
						"0.25": [
							5,
							0,
							0
						],
						"0.4583": [
							0,
							0,
							-5
						],
						"0.75": [
							-5,
							0,
							0
						],
						"1.0": [
							0,
							0,
							5
						]
					}
				},
				"capa": {
					"rotation": {
						"0.0": [
							9.96295,
							0.86351,
							-4.90359
						],
						"0.25": [
							3.71,
							0,
							0
						],
						"0.4583": [
							12.46295,
							-0.86351,
							4.90359
						],
						"0.75": [
							3.71,
							0,
							0
						],
						"1.0": [
							9.96295,
							0.86351,
							-4.90359
						]
					}
				}
			}
		},
		"animation.sigma_boy.idle": {
			"animation_length": 4,
			"bones": {
				"left_arm": {
					"rotation": {
						"0.0": [
							0,
							0,
							-12.5
						],
						"0.9375": [
							10,
							0,
							-17.5
						],
						"1.9375": [
							0,
							0,
							-17.5
						],
						"3.0": [
							10,
							0,
							-17.5
						],
						"4.0": [
							0,
							0,
							-12.5
						]
					},
					"position": {
						"0.0": [
							0.7,
							0,
							0
						],
						"1.9375": [
							0.7,
							0,
							0
						],
						"4.0": [
							0.7,
							0,
							0
						]
					}
				},
				"right_arm": {
					"rotation": {
						"0.0": [
							0,
							0,
							12.5
						],
						"0.9375": [
							10,
							0,
							17.5
						],
						"1.9375": [
							0,
							0,
							17.5
						],
						"3.0": [
							10,
							0,
							17.5
						],
						"4.0": [
							0,
							0,
							12.5
						]
					},
					"position": {
						"0.0": [
							-0.7,
							0,
							0
						],
						"1.9375": [
							-0.7,
							0,
							0
						],
						"4.0": [
							-0.7,
							0,
							0
						]
					}
				},
				"torso": {
					"position": {
						"0.0": [
							0,
							0,
							0
						],
						"1.0": [
							0,
							-1,
							0
						],
						"2.0": [
							0,
							0,
							0
						],
						"3.0": [
							0,
							-1,
							0
						],
						"4.0": [
							0,
							0,
							0
						]
					}
				},
				"nose": {
					"rotation": {
						"0.0": [
							0,
							0,
							0
						],
						"0.625": [
							5,
							0,
							0
						],
						"1.75": [
							0,
							0,
							0
						],
						"2.75": [
							5,
							0,
							0
						],
						"4.0": [
							0,
							0,
							0
						]
					}
				}
			}
		},
		"animation.sigma_boy.attack": {
			"animation_length": 1,
			"bones": {
				"left_arm": {
					"rotation": {
						"0.0": [
							0,
							0,
							0
						],
						"0.3333": [
							-177.41434,
							17.24596,
							9.42927
						],
						"0.4583": [
							-107.70705,
							-1.1534,
							49.38809
						],
						"0.5": [
							-81.90884,
							37.41375,
							28.1927
						],
						"0.75": [
							-81.90884,
							37.41375,
							28.1927
						],
						"1.0": [
							0,
							0,
							0
						]
					}
				},
				"right_leg": {
					"rotation": {
						"0.0": [
							0,
							0,
							0
						],
						"0.1667": [
							0,
							-17.5,
							0
						],
						"0.375": [
							0,
							-17.5,
							0
						],
						"0.4583": [
							0,
							0,
							0
						]
					}
				},
				"left_leg": {
					"rotation": {
						"0.0": [
							0,
							0,
							0
						],
						"0.1667": [
							0,
							0,
							-20
						],
						"0.4167": [
							-11.48325,
							-3.16374,
							-7.97077
						],
						"0.5": [
							0,
							0,
							0
						],
						"0.8333": [
							0,
							0,
							0
						],