{
	"format_version": "1.8.0",
	"animations": {
		"animation.svininobombondino.idle": {
			"loop": true,
			"animation_length": 4,
			"bones": {
				"body": {
					"rotation": {
						"0.0": [
							0,
							0,
							0
						],
						"2.0": [
							2.5,
							0,
							0
						],
						"4.0": [
							0,
							0,
							0
						]
					},
					"position": {
						"0.0": [
							0,
							0,
							0
						],
						"2.0": [
							0,
							-2,
							-0.7
						],
						"4.0": [
							0,
							0,
							0
						]
					}
				},
				"head": {
					"position": {
						"0.0": [
							0,
							0,
							0
						],
						"2.0": [
							0,
							-2,
							0
						],
						"4.0": [
							0,
							0,
							0
						]
					}
				}
			}
		},
		"animation.svininobombondino.walk": {
			"loop": true,
			"animation_length": 1.25,
			"bones": {
				"head": {
					"rotation": {
						"0.0": [
							0,
							0,
							0
						],
						"0.1667": [
							4.02511,
							-1.37954,
							-2.08512
						],
						"0.2917": [
							5,
							0,
							0
						],
						"0.4583": [
							0,
							0,
							2.5
						],
						"0.5833": [
							0,
							0,
							0
						],
						"0.7917": [
							4.02511,
							1.37954,
							2.08512
						],
						"0.9583": [
							5,
							0,
							0
						],
						"1.0833": [
							0,
							0,
							-2.5
						],
						"1.25": [
							0,
							0,
							0
						]
					}
				},
				"leg2": {
					"rotation": {
						"0.0": [
							10,
							-10,
							0
						],
						"0.1667": [
							23.0144,
							-10,
							0
						],
						"0.375": [
							0,
							-10,
							0
						],
						"0.4583": [
							-18.0394,
							-10,
							0
						],
						"0.6667": [
							-10,
							-10,
							0
						],
						"0.9583": [
							0,
							-10,
							0
						],
						"1.25": [
							10,
							-10,
							0
						]
					},
					"position": {
						"0.0": [
							0,
							1,
							1
						],
						"0.375": [
							0,
							4,
							0
						],
						"0.6667": [
							0,
							0,
							-4
						],
						"0.9583": [
							0,
							0,
							0
						],
						"1.25": [
							0,
							1,
							1
						]
					}
				},
				"leg3": {
					"rotation": {
						"0.0": [
							10,
							-10,
							0
						],
						"0.1667": [
							23.0144,
							-10,
							0
						],
						"0.375": [
							0,
							-10,
							0
						],
						"0.4583": [
							-18.0394,
							-10,
							0
						],
						"0.6667": [
							-10,
							-10,
							0
						],
						"0.9583": [
							0,
							-10,
							0
						],
						"1.25": [
							10,
							-10,
							0
						]
					},
					"position": {
						"0.0": [
							0,
							1,
							1
						],
						"0.375": [
							0,
							4,
							0
						],
						"0.6667": [
							0,
							0,
							-4
						],
						"0.9583": [
							0,
							0,
							0
						],
						"1.25": [
							0,
							1,
							1
						]
					}
				},
				"leg4": {
					"rotation": {
						"0.0": [
							-10,
							10,
							0
						],
						"0.375": [
							0,
							10,
							0
						],
						"0.6667": [
							10,
							10,
							0
						],
						"0.7917": [
							23.0144,
							10,
							0
						],
						"0.9583": [
							0,
							10,
							0
						],
						"1.0833": [
							-18.0394,
							10,
							0
						],
						"1.25": [
							-10,
							10,
							0
						]
					},
					"position": {
						"0.0": [
							0,
							0,
							-3.3
						],
						"0.375": [
							0,
							0,
							0
						],
						"0.6667": [
							0,
							1,
							1
						],
						"0.9583": [
							0,
							4,
							0
						],
						"1.25": [
							0,
							0,
							-3.3
						]
					}
				},
				"body": {
					"rotation": {
						"0.0": [
							0,
							0,
							-10
						],
						"0.6667": [
							0,
							0,
							10
						],
						"1.25": [
							0,
							0,
							-10
						]
					}
				},
				"leg1": {
					"rotation": {
						"0.0": [
							-10,
							10,
							0
						],
						"0.375": [
							0,
							10,
							0
						],
						"0.6667": [
							10,
							10,
							0
						],
						"0.7917": [
							23.0144,
							10,
							0
						],
						"0.9583": [
							0,
							10,
							0
						],
						"1.0833": [
							-18.0394,
							10,
							0
						],
						"1.25": [
							-10,
							10,
							0
						]
					},
					"position": {
						"0.0": [
							0,
							0,
							-3.3
						],
						"0.375": [
							0,
							0,
							0
						],
						"0.6667": [
							0,
							1,
							1
						],
						"0.9583": [
							0,
							4,
							0
						],
						"1.25": [
							0,
							0,
							-3.3
						]
					}
				},
				"bone": {
					"rotation": {
						"0.0": [
							0,
							5,
							0
						],
						"0.375": [
							0,
							0,
							0
						],
						"0.5833": [
							0,
							-5,
							0
						],
						"0.9583": [
							0,
							0,
							0
						],
						"1.25": [
							0,
							5,
							0
						]
					}
				},
				"torso": {
					"rotation": {
						"0.0": [
							0,
							5,
							0
						],
						"0.375": [
							0,
							0,
							0
						],
						"0.5833": [
							0,
							-5,
							0
						],
						"0.9583": [
							0,
							0,
							0
						],
						"1.25": [
							0,
							5,
							0
						]
					}
				},
				"rotate": {
					"rotation": {
						"0.0": [
							0,
							0,
							0
						],
						"0.5417": [
							20,
							0,
							0
						],
						"1.25": [
							0,
							0,
							0
						]
					}
				}
			}
		},
		"animation.svininobombondino.attack": {
			"animation_length": 4,
			"bones": {
				"head": {
					"rotation": {
						"0.0": [
							0,
							0,
							0
						],
						"1.0": [
							"math.sin(q.anim_time * 3000) * 3",
							0,
							"math.cos(q.anim_time * 2000) * 3"
						],
						"1.0625": [
							0,
							0,
							0
						]
					},
					"scale": {
						"0.0": [
							1,
							1,
							1
						],
						"0.1875": [
							1.0075,
							1.0075,
							1.0075
						],
						"0.3125": [
							1.02,
							1.02,
							1.02
						],
						"0.5": [
							1.045,
							1.045,
							1.045
						],
						"0.6875": [
							1.08,
							1.08,
							1.08
						],
						"0.8125": [
							1.13,
							1.13,
							1.13
						],
						"1.0": [
							1.2,
							1.2,
							1.2
						],
						"1.0625": {
							"pre": [
								1.6,
								1.6,
								1.6
							],
							"post": [
								0,
								0,
								0
							]
						}
					}
				},
				"all": {
					"rotation": {
						"0.0": [
							0,
							0,
							0
						],
						"1.0": [
							"math.sin(q.anim_time * 3000) * 3",
							0,
							"math.cos(q.anim_time * 2000) * 3"
						],
						"1.0625": [
							0,
							0,
							0
						]
					},
					"scale": {
						"0.0": [
							1,
							1,
							1
						],
						"0.1875": [
							1.0075,
							1.0075,
							1.0075
						],
						"0.3125": [
							1.02,
							1.02,
							1.02
						],
						"0.5": [
							1.045,
							1.045,
							1.045
						],
						"0.6875": [
							1.08,
							1.08,
							1.08
						],
						"0.8125": [
							1.13,
							1.13,
							1.13
						],
						"1.0": [
							1.2,
							1.2,
							1.2
						],
						"1.0625": {
							"pre": [
								1.6,
								1.6,
								1.6
							],
							"post": [
								0,
								0,
								0
							]
						}
					}
				}
			}
		}
	}
}