{
	"format_version": "1.8.0",
	"animations": {
		"animation.tatatata_sahur.attack": {
			"animation_length": 0.5,
			"bones": {
				"head": {
					"position": {
						"0.0": [
							0,
							0,
							0
						],
						"0.2917": [
							0,
							0,
							0
						],
						"0.5": [
							0,
							0,
							0
						]
					}
				},
				"left_arm": {
					"rotation": {
						"0.0": [
							0,
							0,
							0
						],
						"0.1667": [
							-201.54306,
							-41.47747,
							13.70188
						],
						"0.25": [
							-51.75138,
							12.40859,
							-49.06212
						],
						"0.375": [
							-51.75138,
							12.40859,
							-49.06212
						],
						"0.5": [
							0,
							0,
							0
						]
					}
				},
				"golden_shield": {
					"rotation": {
						"0.0": [
							0,
							32.5,
							0
						],
						"0.5": [
							0,
							32.5,
							0
						]
					},
					"position": {
						"0.0": [
							-1,
							0,
							-2
						],
						"0.5": [
							-1,
							0,
							-2
						]
					}
				},
				"right_leg": {
					"rotation": {
						"0.0": [
							10,
							12.5,
							5
						],
						"0.125": [
							7.5,
							22.5,
							5
						],
						"0.25": [
							9.91583,
							17.20689,
							18.99253
						],
						"0.5": [
							10,
							12.5,
							5
						]
					},
					"position": {
						"0.0": [
							-1,
							0,
							1
						],
						"0.125": [
							-1.25,
							0,
							-1.75
						],
						"0.25": [
							0,
							0,
							-5.67
						],
						"0.5": [
							-1,
							0,
							1
						]
					}
				},
				"left_leg": {
					"rotation": {
						"0.0": [
							0,
							-20,
							-2.5
						],
						"0.1667": [
							15,
							-20,
							-2.5
						],
						"0.25": [
							15,
							-20,
							-2.5
						],
						"0.3333": [
							15,
							-20,
							-2.5
						],
						"0.5": [
							0,
							-20,
							-2.5
						]
					},
					"position": {
						"0.0": [
							0,
							0,
							-2
						],
						"0.0833": [
							0,
							1,
							-2
						],
						"0.1667": [
							0,
							2,
							-7
						],
						"0.25": [
							1,
							0,
							-3
						],
						"0.3333": [
							0,
							0.79,
							-2
						],
						"0.5": [
							0,
							0,
							-2
						]
					}
				},
				"torso": {
					"rotation": {
						"0.0": [
							0,
							0,
							0
						],
						"0.125": [
							-23.21088,
							-13.83447,
							5.85463
						],
						"0.2083": [
							52.30222,
							21.2842,
							25.15933
						],
						"0.3333": [
							54.80222,
							21.2842,
							25.15933
						],
						"0.5": [
							0,
							0,
							0
						]
					},
					"position": {
						"0.0": [
							0,
							0,
							0
						],
						"0.0833": [
							-0.25,
							0,
							-1
						],
						"0.25": [
							-0.25,
							0,
							-4
						],
						"0.5": [
							0,
							0,
							0
						]
					}
				},
				"hair": {
					"rotation": {
						"0.0": [
							0,
							0,
							0
						],
						"0.125": [
							70.43162,
							26.12797,
							-8.89674
						],
						"0.4167": [
							0,
							0,
							0
						],
						"0.5": [
							0,
							0,
							0
						]
					}
				}
			}
		},
		"animation.tatatata_sahur.idle": {
			"loop": true,
			"animation_length": 2.0833,
			"bones": {
				"left_arm": {
					"rotation": {
						"0.0": [
							7.7614,
							-14.8687,
							-9.50307
						],
						"1.4167": [
							7.61435,
							-9.91358,
							-8.81845
						],
						"2.0833": [
							7.7614,
							-14.8687,
							-9.50307
						]
					}
				},
				"right_leg": {
					"rotation": [
						0,
						12.5,
						0
					],
					"position": [
						-0.5,
						0,
						0
					]
				},
				"left_leg": {
					"rotation": [
						5.17544,
						-14.94159,
						-6.3378
					],
					"position": [
						0.5,
						0,
						1
					]
				},
				"torso": {
					"rotation": {
						"0.0": [
							0,
							0,
							0
						],
						"0.2917": [
							2.5,
							0,
							0
						],
						"1.0417": [
							0,
							0,
							0
						],
						"1.625": [
							-2.5,
							0,
							0
						],
						"2.0833": [
							0,
							0,
							0
						]
					},
					"position": {
						"0.0": [
							0,
							0,
							0
						],
						"1.0417": [
							0,
							-0.5,
							0
						],
						"2.0833": [
							0,
							0,
							0
						]
					}
				}
			}
		},
		"animation.tatatata_sahur.walk": {
			"loop": true,
			"animation_length": 1.4167,
			"bones": {
				"right_leg": {
					"rotation": {
						"0.0": [
							-10,
							10,
							0
						],
						"0.4167": [
							0,
							10,
							0
						],
						"0.75": [
							10,
							10,
							0
						],
						"0.9167": [
							23.0144,
							10,
							0
						],
						"1.0833": [
							0,
							10,
							0
						],
						"1.25": [
							-18.0394,
							10,
							0
						],
						"1.4167": [
							-10,
							10,
							0
						]
					},
					"position": {
						"0.0": [
							0,
							0,
							-2
						],
						"0.4167": [
							0,
							0,
							0
						],
						"0.75": [
							0,
							0,
							1
						],
						"1.0833": [
							0,
							4,
							0
						],
						"1.4167": [
							0,
							0,
							-2
						]
					}
				},
				"left_leg": {
					"rotation": {
						"0.0": [
							10,
							-10,
							0
						],
						"0.1667": [
							23.0144,
							-10,
							0
						],
						"0.4167": [
							0,
							-10,
							0
						],
						"0.5": [
							-18.0394,
							-10,
							0
						],
						"0.75": [
							-10,
							-10,
							0
						],
						"1.0833": [
							0,
							-10,
							0
						],
						"1.4167": [
							10,
							-10,
							0
						]
					},
					"position": {
						"0.0": [
							0,
							0,
							1
						],
						"0.4167": [
							0,
							4,
							0
						],
						"0.75": [
							0,
							0,
							-2
						],
						"1.0833": [
							0,
							0,
							0
						],
						"1.4167": [
							0,
							0,
							1
						]
					}
				},
				"head": {
					"rotation": {
						"0.0": [
							5.07673,
							-9.96156,
							-0.88045
						],
						"0.3333": [
							0,
							0,
							0
						],
						"0.6667": [
							5.07673,
							9.96156,
							0.88045
						],
						"1.0417": [
							0,
							0,
							0
						],
						"1.4167": [
							5.07673,
							-9.96156,
							-0.88045
						]
					}
				},
				"left_arm": {
					"rotation": {
						"0.0": [
							-25,
							0,
							0
						],
						"0.6667": [
							36.8383,
							-7.5713,
							-9.9753
						],
						"1.4167": [
							-25,
							0,
							0
						]
					}
				},
				"all": {
					"rotation": {
						"0.0": [
							0,
							5,
							0
						],
						"0.2917": [
							0,
							0,
							0
						],
						"0.5": [
							0,
							-5,
							0
						],
						"0.7917": [
							0,
							5,
							0
						],
						"1.4167": [
							0,
							5,
							0
						]
					}
				},
				"torso": {
					"rotation": {
						"0.0": [
							-2.82625,
							7.38382,
							-2.51852
						],
						"0.3333": [
							0,
							0,
							0
						],
						"0.6667": [
							-2.82625,
							-7.38382,
							2.51852
						],
						"1.0417": [
							0,
							0,
							0
						],
						"1.4167": [
							-2.82625,
							7.38382,
							-2.51852
						]
					}
				},
				"helmet": {
					"position": {
						"0.0": [
							0,
							0,
							0
						],
						"0.2083": [
							0,
							-0.25,
							0
						],
						"0.4167": [
							0,
							0,
							0
						],
						"0.5": [
							0,
							0,
							0
						],
						"0.625": [
							0,
							0,
							0
						],
						"0.75": [
							0,
							-0.25,
							0
						],
						"1.3333": [
							0,
							0,
							0
						],
						"1.4167": [
							0,
							0,
							0
						]
					}
				},
				"hair": {
					"rotation": {
						"0.0": [
							0,
							0,
							0
						],