{
	"format_version": "1.8.0",
	"animations": {
		"animation.tralalero_tralala.walk": {
			"loop": true,
			"animation_length": 0.7083,
			"bones": {
				"tail_fin": {
					"rotation": {
						"0.0": [
							0,
							-17.5,
							0
						],
						"0.2083": [
							0,
							0,
							0
						],
						"0.3333": [
							0,
							17.5,
							0
						],
						"0.5417": [
							0,
							0,
							0
						],
						"0.7083": [
							0,
							-17.5,
							0
						]
					}
				},
				"left_arm": {
					"rotation": {
						"0.0": [
							10,
							-10,
							0
						],
						"0.0833": [
							23.0144,
							-10,
							0
						],
						"0.2083": [
							0,
							-10,
							0
						],
						"0.25": [
							-18.0394,
							-10,
							0
						],
						"0.375": [
							-10,
							-10,
							0
						],
						"0.5417": [
							0,
							-10,
							0
						],
						"0.7083": [
							10,
							-10,
							0
						]
					},
					"position": {
						"0.0": [
							0,
							1,
							1
						],
						"0.2083": [
							0,
							4,
							0
						],
						"0.375": [
							0,
							0,
							-4
						],
						"0.5417": [
							0,
							0,
							0
						],
						"0.7083": [
							0,
							1,
							1
						]
					}
				},
				"tail": {
					"rotation": {
						"0.0": [
							0,
							0,
							-7.5
						],
						"0.2083": [
							0,
							12.5,
							0
						],
						"0.3333": [
							0,
							0,
							7.5
						],
						"0.5417": [
							0,
							-12.5,
							0
						],
						"0.7083": [
							0,
							0,
							-7.5
						]
					}
				},
				"head": {
					"rotation": {
						"0.0": [
							0,
							0,
							0
						],
						"0.0833": [
							4.02511,
							-1.37954,
							-2.08512
						],
						"0.1667": [
							5,
							0,
							0
						],
						"0.25": [
							0,
							0,
							2.5
						],
						"0.3333": [
							0,
							0,
							0
						],
						"0.4583": [
							4.02511,
							1.37954,
							2.08512
						],
						"0.5417": [
							5,
							0,
							0
						],
						"0.625": [
							0,
							0,
							-2.5
						],
						"0.7083": [
							0,
							0,
							0
						]
					}
				},
				"right_arm": {
					"rotation": {
						"0.0": [
							-10,
							10,
							0
						],
						"0.2083": [
							0,
							10,
							0
						],
						"0.375": [
							10,
							10,
							0
						],
						"0.4583": [
							23.0144,
							10,
							0
						],
						"0.5417": [
							0,
							10,
							0
						],
						"0.625": [
							-18.0394,
							10,
							0
						],
						"0.7083": [
							-10,
							10,
							0
						]
					},
					"position": {
						"0.0": [
							0,
							0,
							-4
						],
						"0.2083": [
							0,
							0,
							0
						],
						"0.375": [
							0,
							1,
							1
						],
						"0.5417": [
							0,
							4,
							0
						],
						"0.7083": [
							0,
							0,
							-4
						]
					}
				},
				"right_arm2": {
					"rotation": {
						"0.0": [
							10,
							0,
							0
						],
						"0.125": [
							23.0144,
							0,
							0
						],
						"0.25": [
							0,
							0,
							0
						],
						"0.2917": [
							-18.0394,
							0,
							0
						],
						"0.4167": [
							-10,
							0,
							0
						],
						"0.5833": [
							0,
							0,
							0
						],
						"0.7083": [
							10,
							0,
							0
						]
					},
					"position": {
						"0.0": [
							0,
							1,
							1
						],
						"0.25": [
							0,
							4,
							0
						],
						"0.4167": [
							0,
							0,
							-4
						],
						"0.5833": [
							0,
							0,
							0
						],
						"0.7083": [
							0,
							1,
							1
						]
					}
				},
				"torso": {
					"rotation": {
						"0.0": [
							0,
							5,
							0
						],
						"0.2083": [
							0,
							0,
							0
						],
						"0.3333": [
							0,
							-5,
							0
						],
						"0.5417": [
							0,
							0,
							0
						],
						"0.7083": [
							0,
							5,
							0
						]
					},
					"position": {
						"0.0": [
							0,
							0,
							0
						],
						"0.0417": [
							0,
							-1.14,
							0
						],
						"0.0833": [
							0,
							0,
							0
						],
						"0.2083": [
							0,
							1,
							0
						],
						"0.3333": [
							0,
							0,
							0
						],
						"0.375": [
							0,
							-1.14,
							0
						],
						"0.4167": [
							0,
							0,
							0
						],
						"0.5417": [
							0,
							1,
							0
						],
						"0.7083": [
							0,
							0,
							0
						]
					}
				}
			}
		},
		"animation.tralalero_tralala.attack": {
			"animation_length": 0.75,
			"bones": {
				"all": {
					"position": {
						"0.0": [
							0,
							0,
							0
						],
						"0.125": [
							0,
							0,
							0
						],
						"0.1667": [
							0,
							-2,
							0
						],
						"0.25": [
							0,
							0,
							0
						]
					},
					"scale": {
						"0.0": [
							1,
							1,
							1
						],
						"0.0833": [
							1,
							1.3,
							1
						],
						"0.1667": [
							1,
							0.9,
							1
						],
						"0.25": [
							1,
							1,
							1
						]
					}
				},
				"left_arm": {
					"rotation": {
						"0.0": [
							0,
							0,
							0
						],
						"0.125": [
							-40,
							0,
							0
						],
						"0.2083": [
							25,
							0,
							0
						],
						"0.75": [
							0,
							0,
							0
						]
					},
					"position": {
						"0.0": [
							0,
							0,
							0
						],
						"0.125": [
							0,
							2,
							-1.8
						],
						"0.2083": [
							0,
							1.67,
							-1.53
						],
						"0.75": [
							0,
							0,
							0
						]
					}
				},
				"tail": {
					"rotation": {
						"0.0": [
							0,
							0,
							0
						],
						"0.1667": [
							0,
							-30,
							0
						],
						"0.375": [
							0,
							0,
							0
						],
						"0.5833": [
							0,
							30,
							0
						],
						"0.75": [
							0,
							0,
							0
						]
					}
				},
				"right_arm": {
					"rotation": {
						"0.0": [
							0,
							0,
							0
						],
						"0.125": [
							-40,
							0,
							0
						],
						"0.2083": [
							25,
							0,
							0
						],
						"0.75": [
							0,
							0,
							0
						]
					},
					"position": {
						"0.0": [
							0,
							0,
							0
						],
						"0.125": [
							0,
							2,
							-1.8
						],
						"0.2083": [
							0,
							1.67,
							-1.53
						],
						"0.75": [
							0,
							0,
							0
						]
					}
				},
				"right_arm2": {
					"rotation": {
						"0.0": [
							0,
							0,
							0
						],
						"0.2083": [
							15,
							0,
							0
						],
						"0.75": [
							0,
							0,
							0
						]
					},
					"position": {
						"0.0": [
							0,
							0,
							0
						],
						"0.2083": [
							0,
							2,
							-2
						],
						"0.75": [
							0,
							0,
							0
						]
					}
				},
				"torso": {
					"rotation": {
						"0.0": [
							0,
							0,
							0
						],
						"0.125": [
							-12.5,
							0,
							0
						],
						"0.2083": [
							15,
							0,
							0
						],
						"0.75": [
							0,
							0,
							0
						]
					},
					"position": {
						"0.0": [
							0,
							0,
							0
						],
						"0.2083": [
							0,
							0,
							-1
						],
						"0.75": [
							0,
							0,
							0
						]
					}
				},
				"m": {
					"rotation": {
						"0.0": [
							0,
							0,
							0
						],
						"0.1667": [
							25,
							0,
							0
						],
						"0.2083": [
							0,
							0,
							0
						],
						"0.75": [
							0,
							0,
							0
						]
					}
				},
				"t": {
					"rotation": {
						"0.0": [
							0,
							0,
							0
						],
						"0.1667": [
							-32.5,
							0,
							0
						],
						"0.2083": [
							0,
							0,
							0
						],
						"0.75": [
							0,
							0,
							0
						]
					}
				}
			}
		},