{
	"format_version": "1.8.0",
	"animations": {
		"animation.trulimerotrulichina.idle": {
			"loop": true,
			"animation_length": 4,
			"bones": {
				"body": {
					"rotation": {
						"0.0": [
							0,
							0,
							0
						],
						"2.0": [
							2.5,
							0,
							0
						],
						"4.0": [
							0,
							0,
							0
						]
					},
					"position": {
						"0.0": [
							0,
							0,
							0
						],
						"2.0": [
							0,
							-2,
							0
						],
						"4.0": [
							0,
							0,
							0
						]
					}
				},
				"head": {
					"position": {
						"0.0": [
							0,
							0,
							0
						],
						"2.0": [
							0,
							-2,
							0
						],
						"4.0": [
							0,
							0,
							0
						]
					}
				},
				"bone": {
					"rotation": {
						"0.0": [
							0,
							0,
							0
						],
						"1.5625": [
							10,
							0,
							0
						],
						"4.0": [
							0,
							0,
							0
						]
					}
				}
			}
		},
		"animation.trulimerotrulichina.attack": {
			"animation_length": 0.75,
			"bones": {
				"body": {
					"rotation": [
						0,
						0,
						0
					],
					"position": [
						0,
						0,
						0
					]
				},
				"head": {
					"rotation": {
						"0.1875": [
							60,
							0,
							0
						],
						"0.625": [
							0,
							0,
							0
						]
					},
					"position": [
						0,
						0,
						0
					]
				},
				"leg1": {
					"rotation": {
						"0.0625": [
							-21.88151,
							28.02432,
							49.47632
						],
						"0.25": [
							-37.23007,
							4.51429,
							-17.5723
						],
						"0.625": [
							0,
							0,
							0
						]
					},
					"position": {
						"0.0625": [
							0,
							0,
							-8
						],
						"0.625": [
							0,
							0,
							0
						]
					}
				},
				"leg3": {
					"rotation": {
						"0.0625": [
							-21.88151,
							-28.02432,
							-49.47632
						],
						"0.25": [
							-37.23007,
							-4.51429,
							17.5723
						],
						"0.625": [
							0,
							0,
							0
						]
					},
					"position": {
						"0.0625": [
							0,
							0,
							-8
						],
						"0.625": [
							0,
							0,
							0
						]
					}
				},
				"leg2": {
					"rotation": {
						"0.0": [
							32.5,
							0,
							0
						],
						"0.25": [
							32.5,
							0,
							0
						],
						"0.625": [
							0,
							0,
							0
						]
					}
				},
				"bone": {
					"rotation": {
						"0.1875": [
							59.68,
							0,
							0
						],
						"0.625": [
							0,
							0,
							0
						]
					}
				},
				"torso": {
					"rotation": {
						"0.0625": [
							-45.02728,
							0,
							0
						],
						"0.1875": [
							7.98,
							0,
							0
						],
						"0.625": [
							0,
							0,
							0
						]
					},
					"position": [
						0,
						-1,
						0
					]
				}
			}
		},
		"animation.trulimerotrulichina.walk": {
			"loop": true,
			"animation_length": 4.9708,
			"bones": {
				"head": {
					"rotation": {
						"0.0": [
							0,
							0,
							0
						],
						"0.1667": [
							4.02511,
							-1.37954,
							-2.08512
						],
						"0.2917": [
							5,
							0,
							0
						],
						"0.4583": [
							0,
							0,
							2.5
						],
						"0.5833": [
							0,
							0,
							0
						],
						"0.7917": [
							4.02511,
							1.37954,
							2.08512
						],
						"0.9583": [
							5,
							0,
							0
						],
						"1.0833": [
							0,
							0,
							-2.5
						],
						"1.25": [
							0,
							0,
							0
						],
						"1.375": [
							4.02511,
							-1.37954,
							-2.08512
						],
						"1.5417": [
							5,
							0,
							0
						],
						"1.6667": [
							0,
							0,
							2.5
						],
						"1.8333": [
							0,
							0,
							0
						],
						"2.0417": [
							4.02511,
							1.37954,
							2.08512
						],
						"2.2083": [
							5,
							0,
							0
						],
						"2.3333": [
							0,
							0,
							-2.5
						],
						"2.5": [
							0,
							0,
							0
						],
						"2.625": [
							4.02511,
							-1.37954,
							-2.08512
						],
						"2.7917": [
							5,
							0,
							0
						],
						"2.9167": [
							0,
							0,
							2.5
						],
						"3.0833": [
							0,
							0,
							0
						],
						"3.2917": [
							4.02511,
							1.37954,
							2.08512
						],
						"3.4167": [
							5,
							0,
							0
						],
						"3.5833": [
							0,
							0,
							-2.5
						],
						"3.7083": [
							0,
							0,
							0
						],
						"3.875": [
							4.02511,
							-1.37954,
							-2.08512
						],
						"4.0": [
							5,
							0,
							0
						],
						"4.1667": [
							0,
							0,
							2.5
						],
						"4.3333": [
							0,
							0,
							0
						],
						"4.5417": [
							4.02511,
							1.37954,
							2.08512
						],
						"4.6667": [
							5,
							0,
							0
						],
						"4.8333": [
							0,
							0,
							-2.5
						],
						"4.9583": [
							0,
							0,
							0
						]
					}
				},
				"leg2": {
					"rotation": {
						"0.0": [
							-10,
							10,
							0
						],
						"0.375": [
							0,
							10,
							0
						],
						"0.6667": [
							10,
							10,
							0
						],
						"0.7917": [
							23.0144,
							10,
							0
						],
						"0.9583": [
							0,
							10,
							0
						],
						"1.0833": [
							-18.0394,
							10,
							0
						],
						"1.25": [
							-10,
							10,
							0
						],
						"1.625": [
							0,
							10,
							0
						],
						"1.9167": [
							10,
							10,
							0
						],
						"2.0417": [
							23.0144,
							10,
							0
						],
						"2.2083": [
							0,
							10,
							0
						],
						"2.3333": [
							-18.0394,
							10,
							0
						],
						"2.5": [
							-10,
							10,
							0
						],
						"2.8333": [
							0,
							10,
							0
						],
						"3.125": [
							10,
							10,
							0
						],
						"3.2917": [
							23.0144,
							10,
							0
						],
						"3.4167": [
							0,
							10,
							0
						],
						"3.5833": [
							-18.0394,
							10,
							0
						],
						"3.7083": [
							-10,
							10,
							0
						],
						"4.0833": [
							0,
							10,
							0
						],
						"4.375": [
							10,
							10,
							0
						],
						"4.5417": [
							23.0144,
							10,
							0
						],
						"4.6667": [
							0,
							10,
							0
						],
						"4.8333": [
							-18.0394,
							10,
							0
						],
						"4.9583": [
							-10,
							10,
							0
						]
					},
					"position": {
						"0.0": [
							0,
							0,
							-4
						],
						"0.375": [
							0,
							0,
							0
						],
						"0.6667": [
							0,
							1,
							1
						],
						"0.9583": [
							0,
							4,
							0
						],
						"1.25": [
							0,
							0,
							-4
						],
						"1.625": [
							0,
							0,
							0
						],
						"1.9167": [
							0,
							1,
							1
						],
						"2.2083": [
							0,
							4,
							0
						],
						"2.5": [
							0,
							0,
							-4
						],
						"2.8333": [
							0,
							0,
							0
						],
						"3.125": [
							0,
							1,
							1
						],
						"3.4167": [
							0,
							4,
							0
						],
						"3.7083": [
							0,
							0,
							-4
						],
						"4.0833": [
							0,
							0,
							0
						],
						"4.375": [
							0,
							1,
							1
						],
						"4.6667": [
							0,
							4,
							0
						],
						"4.9583": [
							0,
							0,
							-4
						]
					}
				},
				"leg3": {
					"rotation": {
						"0.0": [
							10,
							-10,
							0
						],
						"0.1667": [
							23.0144,
							-10,
							0
						],
						"0.375": [
							0,
							-10,
							0
						],
						"0.4583": [
							-18.0394,
							-10,
							0
						],
						"0.6667": [
							-10,
							-10,
							0
						],
						"0.9583": [
							0,
							-10,
							0
						],
						"1.25": [
							10,
							-10,
							0
						],
						"1.375": [
							23.0144,
							-10,
							0
						],