{
	"format_version": "1.8.0",
	"animations": {
		"animation.tung_tung_tung_sahur.angry_walk": {
			"loop": true,
			"animation_length": 0.5096,
			"bones": {
				"head": {
					"rotation": {
						"0.0": [
							-7.26332,
							10.06197,
							-1.50855
						],
						"0.0833": [
							-14.52728,
							10.24688,
							-0.53264
						],
						"0.1667": [
							-22.34371,
							7.19923,
							-2.79089
						],
						"0.2917": [
							-9.68453,
							10.11005,
							-1.18076
						],
						"0.4167": [
							-14.52728,
							10.24688,
							-0.53264
						],
						"0.5": [
							-7.26332,
							10.06197,
							-1.50855
						]
					}
				},
				"right_arm": {
					"rotation": [
						-135.37564,
						43.32113,
						-6.97093
					],
					"position": [
						0,
						1,
						0
					]
				},
				"left_arm": {
					"rotation": {
						"0.0": [
							21.82888,
							-0.59969,
							-38.08978
						],
						"0.2083": [
							-42.66271,
							25.29597,
							-22.7517
						],
						"0.5": [
							21.82888,
							-0.59969,
							-38.08978
						]
					}
				},
				"golden_shield": {
					"rotation": [
						60.04617,
						54.15002,
						-29.73971
					],
					"position": [
						1,
						-2,
						-2
					]
				},
				"right_leg": {
					"rotation": {
						"0.0": [
							-10,
							10,
							0
						],
						"0.1667": [
							0,
							10,
							0
						],
						"0.25": [
							10,
							10,
							0
						],
						"0.3333": [
							23.0144,
							10,
							0
						],
						"0.375": [
							0,
							10,
							0
						],
						"0.4583": [
							-18.0394,
							10,
							0
						],
						"0.5": [
							-10,
							10,
							0
						]
					},
					"position": {
						"0.0": [
							0,
							0,
							-2
						],
						"0.1667": [
							0,
							0,
							0
						],
						"0.25": [
							0,
							0,
							1
						],
						"0.375": [
							0,
							4,
							0
						],
						"0.5": [
							0,
							0,
							-2
						]
					}
				},
				"left_leg": {
					"rotation": {
						"0.0": [
							10,
							-10,
							0
						],
						"0.0417": [
							23.0144,
							-10,
							0
						],
						"0.1667": [
							-18.0394,
							-10,
							0
						],
						"0.25": [
							-10,
							-10,
							0
						],
						"0.375": [
							0,
							-10,
							0
						],
						"0.5": [
							10,
							-10,
							0
						]
					},
					"position": {
						"0.0": [
							0,
							0,
							1
						],
						"0.1667": [
							0,
							4,
							0
						],
						"0.25": [
							0,
							0,
							-2
						],
						"0.375": [
							0,
							0,
							0
						],
						"0.5": [
							0,
							0,
							1
						]
					}
				},
				"torso": {
					"rotation": {
						"0.0": [
							10,
							-12.5,
							0
						],
						"0.125": [
							21.96368,
							-5.87927,
							4.37505
						],
						"0.25": [
							11.04944,
							-11.5861,
							-5.02653
						],
						"0.375": [
							16.00994,
							-11.16255,
							-4.92257
						],
						"0.5": [
							10,
							-12.5,
							0
						]
					},
					"position": {
						"0.0": [
							0,
							0,
							0
						],
						"0.125": [
							0,
							0.5,
							1
						],
						"0.25": [
							0,
							1,
							0
						],
						"0.375": [
							0,
							0.5,
							0
						],
						"0.5": [
							0,
							0,
							0
						]
					}
				},
				"hair": {
					"rotation": {
						"0.0": [
							0,
							0,
							0
						],
						"0.1667": [
							34,
							0,
							0
						],
						"0.3333": [
							23.55,
							0,
							0
						],
						"0.5": [
							0,
							0,
							0
						]
					}
				}
			}
		},
		"animation.tung_tung_tung_sahur.idle": {
			"loop": true,
			"animation_length": 2.0833,
			"bones": {
				"head": {
					"rotation": {
						"0.0": [
							0,
							0,
							0
						],
						"1.5417": [
							12.5,
							0,
							0
						],
						"2.0833": [
							0,
							0,
							0
						]
					}
				},
				"right_arm": {
					"rotation": {
						"0.0": [
							0,
							0,
							10
						],
						"0.75": [
							0,
							5,
							10
						],
						"2.0833": [
							0,
							0,
							10
						]
					}
				},
				"left_arm": {
					"rotation": {
						"0.0": [
							7.7614,
							-14.8687,
							-9.50307
						],
						"1.4167": [
							7.61435,
							-9.91358,
							-8.81845
						],
						"2.0833": [
							7.7614,
							-14.8687,
							-9.50307
						]
					}
				},
				"right_leg": {
					"rotation": [
						0,
						12.5,
						0
					],
					"position": [
						-0.5,
						0,
						0
					]
				},
				"left_leg": {
					"rotation": [
						5.17544,
						-14.94159,
						-6.3378
					],
					"position": [
						0.5,
						0,
						1
					]
				},
				"torso": {
					"rotation": {
						"0.0": [
							0,
							0,
							0
						],
						"0.2917": [
							2.5,
							0,
							0
						],
						"1.0417": [
							0,
							0,
							0
						],
						"1.625": [
							-2.5,
							0,
							0
						],
						"2.0833": [
							0,
							0,
							0
						]
					},
					"position": {
						"0.0": [
							0,
							0,
							0
						],
						"1.0417": [
							0,
							-0.5,
							0
						],
						"2.0833": [
							0,
							0,
							0
						]
					}
				}
			}
		},
		"animation.tung_tung_tung_sahur.walk": {
			"loop": true,
			"animation_length": 1.4167,
			"bones": {
				"right_leg": {
					"rotation": {
						"0.0": [
							-10,
							10,
							0
						],
						"0.4167": [
							0,
							10,
							0
						],
						"0.75": [
							10,
							10,
							0
						],
						"0.9167": [
							23.0144,
							10,
							0
						],
						"1.0833": [
							0,
							10,
							0
						],
						"1.25": [
							-18.0394,
							10,
							0
						],
						"1.4167": [
							-10,
							10,
							0
						]
					},
					"position": {
						"0.0": [
							0,
							0,
							-2
						],
						"0.4167": [
							0,
							0,
							0
						],
						"0.75": [
							0,
							0,
							1
						],
						"1.0833": [
							0,
							4,
							0
						],
						"1.4167": [
							0,
							0,
							-2
						]
					}
				},
				"left_leg": {
					"rotation": {
						"0.0": [
							10,
							-10,
							0
						],
						"0.1667": [
							23.0144,
							-10,
							0
						],
						"0.4167": [
							0,
							-10,
							0
						],
						"0.5": [
							-18.0394,
							-10,
							0
						],
						"0.75": [
							-10,
							-10,
							0
						],
						"1.0833": [
							0,
							-10,
							0
						],
						"1.4167": [
							10,
							-10,
							0
						]
					},
					"position": {
						"0.0": [
							0,
							0,
							1
						],
						"0.4167": [
							0,
							4,
							0
						],
						"0.75": [
							0,
							0,
							-2
						],
						"1.0833": [
							0,
							0,
							0
						],
						"1.4167": [
							0,
							0,
							1
						]
					}
				},
				"head": {
					"rotation": {
						"0.0": [
							5.07673,
							-9.96156,
							-0.88045
						],
						"0.3333": [
							0,
							0,
							0
						],
						"0.6667": [
							5.07673,
							9.96156,
							0.88045
						],
						"1.0417": [
							0,
							0,
							0
						],
						"1.4167": [
							5.07673,
							-9.96156,
							-0.88045
						]
					}
				},
				"left_arm": {
					"rotation": {
						"0.0": [
							-25,
							0,
							0
						],
						"0.6667": [
							36.8383,
							-7.5713,
							-9.9753
						],
						"1.4167": [
							-25,
							0,
							0
						]
					}
				},
				"right_arm": {
					"rotation": {
						"0.0": [
							25,
							0,
							0
						],
						"0.6667": [
							-36.83829,
							7.57131,
							9.97528
						],
						"1.4167": [
							25,
							0,
							0
						]
					}
				},
				"all": {
					"rotation": {
						"0.0": [
							0,
							5,
							0
						],
						"0.2917": [
							0,
							0,
							0
						],
						"0.5": [
							0,
							-5,
							0
						],