{
	"format_version": "1.8.0",
	"animations": {
		"animation.udindindindunmadindindindun.idle": {
			"loop": true,
			"animation_length": 2.0833,
			"bones": {
				"right_arm": {
					"rotation": {
						"0.0": [
							0,
							0,
							10
						],
						"0.75": [
							0,
							5,
							10
						],
						"2.0833": [
							0,
							0,
							10
						]
					},
					"position": [
						0,
						0,
						0
					]
				},
				"left_arm": {
					"rotation": {
						"0.0": [
							7.7614,
							-14.8687,
							-9.50307
						],
						"1.4167": [
							7.61435,
							-9.91358,
							-8.81845
						],
						"2.0833": [
							7.7614,
							-14.8687,
							-9.50307
						]
					},
					"position": [
						0,
						0,
						0
					]
				},
				"right_leg": {
					"rotation": [
						0,
						12.5,
						0
					],
					"position": [
						-0.5,
						0,
						0
					]
				},
				"left_leg": {
					"rotation": [
						5.17544,
						-14.94159,
						-6.3378
					],
					"position": [
						0.5,
						0,
						1
					]
				},
				"torso": {
					"rotation": {
						"0.0": [
							0,
							0,
							0
						],
						"1.5417": [
							6,
							0,
							0
						],
						"2.0833": [
							0,
							0,
							0
						]
					},
					"position": {
						"0.0": [
							0,
							0,
							0
						],
						"1.0417": [
							0,
							-0.5,
							0
						],
						"2.0833": [
							0,
							0,
							0
						]
					}
				},
				"head": {
					"rotation": [
						0,
						0,
						0
					],
					"position": [
						0,
						0,
						0
					]
				},
				"top": {
					"rotation": {
						"0.0": [
							0,
							0,
							-10
						],
						"0.4583": [
							0,
							0,
							10
						],
						"2.0833": [
							0,
							0,
							-10
						]
					}
				}
			}
		},
		"animation.udindindindunmadindindindun.attack": {
			"animation_length": 1,
			"bones": {
				"right_arm": {
					"rotation": {
						"0.0": [
							0,
							0,
							10
						],
						"0.25": [
							0,
							0,
							35
						],
						"0.5833": [
							20,
							0,
							35
						],
						"0.7083": [
							20,
							0,
							35
						],
						"1.0": [
							0,
							0,
							10
						]
					},
					"position": {
						"0.0": [
							0,
							0,
							0
						],
						"0.2917": [
							-3,
							-5.69,
							6.23
						],
						"0.4167": [
							0,
							-1,
							9
						],
						"1.0": [
							0,
							0,
							0
						]
					}
				},
				"left_arm": {
					"rotation": {
						"0.0": [
							7.7614,
							-14.8687,
							-9.50307
						],
						"0.2917": [
							-172.12352,
							-72.32786,
							36.73868
						],
						"0.5": [
							-51.12446,
							8.03535,
							30.35273
						],
						"0.7083": [
							-51.12446,
							8.03535,
							30.35273
						],
						"1.0": [
							7.7614,
							-14.8687,
							-9.50307
						]
					},
					"position": {
						"0.0": [
							0,
							0,
							0
						],
						"0.5": [
							0,
							0,
							-8
						],
						"0.7083": [
							0,
							0,
							-8
						],
						"1.0": [
							0,
							0,
							0
						]
					}
				},
				"golden_shield": {
					"rotation": {
						"0.0": [
							0,
							32.5,
							0
						],
						"0.9167": [
							0,
							35,
							0
						]
					},
					"position": {
						"0.0": [
							-1,
							0,
							-2
						],
						"0.9167": [
							0,
							0,
							-1
						]
					}
				},
				"right_leg": {
					"rotation": {
						"0.0": [
							0,
							12.5,
							0
						],
						"0.25": [
							7.5,
							22.5,
							5
						],
						"0.3333": [
							9.91583,
							17.20689,
							18.99253
						],
						"0.4583": [
							10,
							12.5,
							5
						],
						"0.7083": [
							10,
							12.5,
							5
						],
						"1.0": [
							0,
							12.5,
							0
						]
					},
					"position": {
						"0.0": [
							-0.5,
							0,
							0
						],
						"0.25": [
							-1.25,
							0,
							-1.75
						],
						"0.3333": [
							0,
							0,
							-5.67
						],
						"0.4583": [
							-1,
							0,
							1
						],
						"0.7083": [
							-1,
							0,
							1
						],
						"1.0": [
							-0.5,
							0,
							0
						]
					}
				},
				"left_leg": {
					"rotation": {
						"0.0": [
							5.17544,
							-14.94159,
							-6.3378
						],
						"0.2083": [
							15,
							-20,
							-2.5
						],
						"0.2917": [
							15,
							-20,
							-2.5
						],
						"0.4583": [
							15,
							-20,
							-2.5
						],
						"0.7083": [
							0,
							-20,
							-2.5
						],
						"1.0": [
							5.17544,
							-14.94159,
							-6.3378
						]
					},
					"position": {
						"0.0": [
							0.5,
							0,
							1
						],
						"0.0833": [
							0,
							1,
							-2
						],
						"0.2083": [
							0,
							2,
							-7
						],
						"0.2917": [
							1,
							0,
							-3
						],
						"0.4583": [
							0,
							0.79,
							-2
						],
						"0.7083": [
							0,
							0,
							-2
						],
						"1.0": [
							0.5,
							0,
							1
						]
					}
				},
				"torso": {
					"rotation": {
						"0.0": [
							0,
							0,
							0
						],
						"0.25": [
							0.66702,
							-25.52793,
							-38.39125
						],
						"0.3333": [
							5.68772,
							-35.91941,
							2.86443
						],
						"0.4167": [
							39.7696,
							10.29342,
							17.62127
						],
						"0.7083": [
							39.7696,
							10.29342,
							17.62127
						],
						"1.0": [
							0,
							0,
							0
						]
					},
					"position": {
						"0.0": [
							0,
							0,
							0
						],
						"0.2083": [
							0,
							0,
							0
						],
						"0.25": [
							-0.25,
							0,
							-1
						],
						"0.3333": [
							-0.96,
							-0.86,
							-3.14
						],
						"0.4167": [
							-0.25,
							0,
							-4
						],
						"0.7083": [
							-0.25,
							0,
							-4
						],
						"1.0": [
							0,
							0,
							0
						]
					}
				},
				"hair": {
					"rotation": {
						"0.0": [
							0,
							0,
							0
						],
						"0.125": [
							70.43162,
							26.12797,
							-8.89674
						],
						"0.5417": [
							0,
							0,
							0
						]
					}
				},
				"head": {
					"rotation": {
						"0.0": [
							0,
							0,
							0
						],
						"0.1667": [
							5.06087,
							17.38139,
							2.8126
						],
						"0.2917": [
							5.67979,
							27.82809,
							3.96325
						],
						"0.375": [
							0,
							0,
							0
						],
						"0.7083": [
							0,
							0,
							0
						],
						"1.0": [
							0,
							0,
							0
						]
					},
					"position": {
						"0.0": [
							0,
							0,
							0
						],
						"1.0": [
							0,
							0,
							0
						]
					}
				}
			}
		},
		"animation.udindindindunmadindindindun.walk": {
			"loop": true,
			"animation_length": 1.875,
			"bones": {
				"right_leg": {
					"rotation": {
						"0.0": [
							-10,
							10,
							0
						],
						"0.5417": [
							0,
							10,
							0
						],
						"1.0": [
							10,
							10,
							0
						],
						"1.2083": [
							23.0144,
							10,
							0
						],
						"1.4167": [
							0,
							10,
							0
						],
						"1.625": [
							-18.0394,
							10,
							0
						],
						"1.875": [
							-10,
							10,
							0
						]
					},
					"position": {
						"0.0": [
							0,
							0,
							0
						],
						"0.25": [
							0,
							0,
							1.31
						],
						"0.5417": [
							0,
							0,
							0
						],
						"1.0": [
							0,
							0,
							1
						],
						"1.4167": [
							0,
							4,
							0
						],
						"1.6667": [
							-0.4,
							1.8,
							0.4
						],
						"1.875": [
							0,
							0,
							0
						]
					}
				},
				"left_leg": {
					"rotation": {
						"0.0": [
							10,
							-10,
							0
						],
						"0.2083": [
							23.0144,
							-10,
							0
						],
						"0.5417": [
							0,
							-10,
							0
						],