{
	"format_version": "1.12.0",
	"minecraft:geometry": [
		{
			"description": {
				"identifier": "geometry.ripjaws_fp",
				"texture_width": 16,
				"texture_height": 16,
				"visible_bounds_width": 4,
				"visible_bounds_height": 4.5,
				"visible_bounds_offset": [
					0,
					0.75,
					0
				]
			},
			"bones": [
				{
					"name": "fp",
					"pivot": [
						10,
						18,
						5
					],
					"rotation": [
						77.5,
						7.5,
						150
					]
				},
				{
					"name": "arms_fp",
					"parent": "fp",
					"pivot": [
						28.88989,
						21.69447,
						14.51436
					]
				},
				{
					"name": "rightarm_fp",
					"parent": "arms_fp",
					"pivot": [
						8,
						23,
						8
					],
					"rotation": [
						-36.01333,
						-52.29655,
						23.88174
					],
					"cubes": [
						{
							"origin": [
								5.77732,
								19.58345,
								6.37749
							],
							"size": [
								2.69818,
								3.8713,
								3.34339
							],
							"pivot": [
								13.05066,
								-5.404,
								8.13717
							],
							"rotation": [
								0,
								0,
								2.5
							],
							"uv": {
								"north": {
									"uv": [
										7.75,
										8.75
									],
									"uv_size": [
										0.5,
										0.75
									]
								},
								"east": {
									"uv": [
										9,
										7.25
									],
									"uv_size": [
										0.625,
										0.75
									]
								},
								"south": {
									"uv": [
										0.75,
										10
									],
									"uv_size": [
										0.5,
										0.75
									]
								},
								"west": {
									"uv": [
										9,
										8
									],
									"uv_size": [
										0.625,
										0.75
									]
								},
								"up": {
									"uv": [
										6,
										10.5
									],
									"uv_size": [
										0.5,
										0.625
									]
								},
								"down": {
									"uv": [
										10.5,
										6.625
									],
									"uv_size": [
										0.5,
										-0.625
									]
								}
							}
						},
						{
							"origin": [
								5.89463,
								13.95248,
								6.4948
							],
							"size": [
								2.46355,
								5.63098,
								3.10877
							],
							"pivot": [
								13.05066,
								-5.404,
								8.13717
							],
							"rotation": [
								0,
								0,
								2.5
							],
							"uv": {
								"north": {
									"uv": [
										5.25,
										8.25
									],
									"uv_size": [
										0.5,
										1.0625
									]
								},
								"east": {
									"uv": [
										7.5,
										7.5
									],
									"uv_size": [
										0.625,
										1.0625
									]
								},
								"south": {
									"uv": [
										8.75,
										1
									],
									"uv_size": [
										0.5,
										1.0625
									]
								},
								"west": {
									"uv": [
										0,
										7.75
									],
									"uv_size": [
										0.625,
										1.0625
									]
								},
								"up": {
									"uv": [
										6.5,
										10.5
									],
									"uv_size": [
										0.5,
										0.625
									]
								},
								"down": {
									"uv": [
										7,
										11.125
									],
									"uv_size": [
										0.5,
										-0.625
									]
								}
							}
						}
					]
				},
				{
					"name": "rightarm_p3",
					"parent": "rightarm_fp",
					"pivot": [
						7.88989,
						14.69447,
						8.51436
					],
					"cubes": [
						{
							"origin": [
								6.87701,
								4.74995,
								7.25733
							],
							"size": [
								0.46925,
								1.87699,
								1.87699
							],
							"pivot": [
								13.5638,
								-5.10426,
								8.13717
							],
							"rotation": [
								0,
								0,
								-1
							],
							"uv": {
								"north": {
									"uv": [
										1.75,
										13.75
									],
									"uv_size": [
										0.0625,
										0.375
									]
								},
								"east": {
									"uv": [
										11.75,
										3.5
									],
									"uv_size": [
										0.375,
										0.375
									]
								},
								"south": {
									"uv": [
										2,
										13.75
									],
									"uv_size": [
										0.0625,
										0.375
									]
								},
								"west": {
									"uv": [
										4,
										11.75
									],
									"uv_size": [
										0.375,
										0.375
									]
								},
								"up": {
									"uv": [
										2.25,
										13.75
									],
									"uv_size": [
										0.0625,
										0.375
									]
								},
								"down": {
									"uv": [
										13.75,
										2.625
									],
									"uv_size": [
										0.0625,
										-0.375
									]
								}
							}
						},
						{
							"origin": [
								8.07946,
								4.39801,
								8.95835
							],
							"size": [
								0.70387,
								1.29043,
								0.64522
							],
							"pivot": [
								13.5638,
								-5.10426,
								8.13717
							],
							"rotation": [
								0,
								0,
								-8.5
							],
							"uv": {
								"north": {
									"uv": [
										9.5,
										13.5
									],
									"uv_size": [
										0.125,
										0.25
									]
								},
								"east": {
									"uv": [
										9.75,
										13.5
									],
									"uv_size": [
										0.125,
										0.25
									]
								},
								"south": {
									"uv": [
										13.5,
										9.75
									],
									"uv_size": [
										0.125,
										0.25
									]
								},
								"west": {
									"uv": [
										10,
										13.5
									],
									"uv_size": [
										0.125,
										0.25
									]
								},
								"up": {
									"uv": [
										0.25,
										14
									],
									"uv_size": [
										0.125,
										0.125
									]
								},
								"down": {
									"uv": [
										14,
										0.375
									],
									"uv_size": [
										0.125,
										-0.125
									]
								}
							}
						},
						{
							"origin": [
								6.64239,
								4.51532,
								8.84104
							],
							"size": [
								0.9385,
								2.11162,
								0.87984
							],
							"pivot": [
								13.5638,
								-5.10426,
								8.13717
							],
							"rotation": [
								0,
								0,
								-1
							],
							"uv": {
								"north": {
									"uv": [
										10.5,
										12.25
									],
									"uv_size": [
										0.1875,
										0.375
									]
								},
								"east": {
									"uv": [
										12.25,
										11.75
									],
									"uv_size": [
										0.1875,
										0.375
									]
								},
								"south": {
									"uv": [
										12.25,
										12.25
									],
									"uv_size": [
										0.1875,
										0.375
									]
								},
								"west": {
									"uv": [
										0,
										12.5
									],
									"uv_size": [
										0.1875,
										0.375
									]
								},
								"up": {
									"uv": [
										12,
										1.5
									],
									"uv_size": [
										0.1875,
										0.1875
									]
								},
								"down": {
									"uv": [
										6.75,
										13.1875
									],
									"uv_size": [
										0.1875,
										-0.1875
									]
								}
							}
						},
						{
							"origin": [
								8.07946,
								4.16339,
								7.72657
							],
							"size": [
								0.70387,
								1.29043,
								0.64522
							],
							"pivot": [
								13.5638,
								-5.10426,
								8.07851
							],
							"rotation": [
								0,
								0,
								-8.5
							],
							"uv": {
								"north": {
									"uv": [
										13.5,
										8.5
									],
									"uv_size": [
										0.125,
										0.25
									]
								},
								"east": {
									"uv": [
										8.75,
										13.5
									],
									"uv_size": [
										0.125,
										0.25
									]
								},
								"south": {
									"uv": [
										13.5,
										8.75
									],