{
	"format_version": "1.12.0",
	"minecraft:geometry": [
		{
			"description": {
				"identifier": "geometry.xlr8_fp",
				"texture_width": 16,
				"texture_height": 16,
				"visible_bounds_width": 3,
				"visible_bounds_height": 4.5,
				"visible_bounds_offset": [
					0,
					0.75,
					0
				]
			},
			"bones": [
				{
					"name": "rightarm",
					"pivot": [
						-5,
						21,
						0
					]
				},
				{
					"name": "arm1_fp",
					"parent": "rightarm",
					"pivot": [
						-9,
						28,
						-1
					],
					"rotation": [
						-22.87177,
						6.9724,
						-20.62209
					],
					"cubes": [
						{
							"origin": [
								-6.1884,
								9.5893,
								-16.90025
							],
							"size": [
								1.2852,
								1.3608,
								4.536
							],
							"pivot": [
								-2.02405,
								21.6475,
								-8.85654
							],
							"rotation": [
								135,
								-22.5,
								0
							],
							"uv": {
								"north": {
									"uv": [
										5.5,
										10.25
									],
									"uv_size": [
										0.3125,
										0.34375
									]
								},
								"east": {
									"uv": [
										7,
										1.5
									],
									"uv_size": [
										1.125,
										0.34375
									]
								},
								"south": {
									"uv": [
										6,
										10.25
									],
									"uv_size": [
										0.3125,
										0.34375
									]
								},
								"west": {
									"uv": [
										7,
										2
									],
									"uv_size": [
										1.125,
										0.34375
									]
								},
								"up": {
									"uv": [
										7.25,
										6.25
									],
									"uv_size": [
										0.3125,
										1.125
									]
								},
								"down": {
									"uv": [
										6.5,
										8.375
									],
									"uv_size": [
										0.3125,
										-1.125
									]
								}
							}
						},
						{
							"origin": [
								-6.5908,
								9.30603,
								-12.48534
							],
							"size": [
								1.5876,
								1.8144,
								1.8144
							],
							"pivot": [
								-2.02405,
								21.6475,
								-8.85654
							],
							"rotation": [
								135,
								-20,
								-2.5
							],
							"uv": {
								"north": {
									"uv": [
										9.75,
										0.5
									],
									"uv_size": [
										0.40625,
										0.46875
									]
								},
								"east": {
									"uv": [
										5.25,
										6.5
									],
									"uv_size": [
										0.46875,
										0.46875
									]
								},
								"south": {
									"uv": [
										1.5,
										9.75
									],
									"uv_size": [
										0.40625,
										0.46875
									]
								},
								"west": {
									"uv": [
										4,
										9.25
									],
									"uv_size": [
										0.46875,
										0.46875
									]
								},
								"up": {
									"uv": [
										2,
										9.75
									],
									"uv_size": [
										0.40625,
										0.46875
									]
								},
								"down": {
									"uv": [
										9.75,
										2.71875
									],
									"uv_size": [
										0.40625,
										-0.46875
									]
								}
							}
						}
					]
				},
				{
					"name": "arm1_p2_fp",
					"parent": "arm1_fp",
					"pivot": [
						-10.0032,
						24.60603,
						2.39975
					],
					"rotation": [
						90,
						-15,
						10
					],
					"cubes": [
						{
							"origin": [
								-11.55273,
								22.13114,
								-4.40572
							],
							"size": [
								1.134,
								1.0584,
								4.158
							],
							"pivot": [
								-2.17833,
								21.97994,
								-9.62212
							],
							"rotation": [
								10,
								2.5,
								0
							],
							"uv": {
								"north": {
									"uv": [
										10.75,
										6
									],
									"uv_size": [
										0.28125,
										0.25
									]
								},
								"east": {
									"uv": [
										8.5,
										4.5
									],
									"uv_size": [
										1.03125,
										0.25
									]
								},
								"south": {
									"uv": [
										10.75,
										6.25
									],
									"uv_size": [
										0.28125,
										0.25
									]
								},
								"west": {
									"uv": [
										0.5,
										9
									],
									"uv_size": [
										1.03125,
										0.25
									]
								},
								"up": {
									"uv": [
										6.25,
										8.5
									],
									"uv_size": [
										0.28125,
										1.03125
									]
								},
								"down": {
									"uv": [
										8.5,
										8.53125
									],
									"uv_size": [
										0.28125,
										-1.03125
									]
								}
							}
						},
						{
							"origin": [
								-12.0502,
								20.12873,
								1.79983
							],
							"size": [
								0.3864,
								0.4536,
								1.6632
							],
							"pivot": [
								-2.1844,
								21.60293,
								-9.69137
							],
							"rotation": [
								20,
								5,
								0
							],
							"uv": {
								"north": {
									"uv": [
										0,
										12.25
									],
									"uv_size": [
										0.09375,
										0.125
									]
								},
								"east": {
									"uv": [
										0.25,
										11.5
									],
									"uv_size": [
										0.40625,
										0.125
									]
								},
								"south": {
									"uv": [
										0.25,
										12.25
									],
									"uv_size": [
										0.09375,
										0.125
									]
								},
								"west": {
									"uv": [
										0.75,
										11.5
									],
									"uv_size": [
										0.40625,
										0.125
									]
								},
								"up": {
									"uv": [
										0,
										11.75
									],
									"uv_size": [
										0.09375,
										0.40625
									]
								},
								"down": {
									"uv": [
										11.75,
										0.40625
									],
									"uv_size": [
										0.09375,
										-0.40625
									]
								}
							}
						},
						{
							"origin": [
								-12.04413,
								22.01774,
								-0.85252
							],
							"size": [
								1.4364,
								1.3608,
								2.7216
							],
							"pivot": [
								-2.17833,
								21.97994,
								-9.62212
							],
							"rotation": [
								10,
								5,
								0
							],
							"uv": {
								"north": {
									"uv": [
										2,
										10.25
									],
									"uv_size": [
										0.34375,
										0.34375
									]
								},
								"east": {
									"uv": [
										5.5,
										9
									],
									"uv_size": [
										0.6875,
										0.34375
									]
								},
								"south": {
									"uv": [
										10.25,
										2.25
									],
									"uv_size": [
										0.34375,
										0.34375
									]
								},
								"west": {
									"uv": [
										9,
										6.25
									],
									"uv_size": [
										0.6875,
										0.34375
									]
								},
								"up": {
									"uv": [
										9,
										7.5
									],
									"uv_size": [
										0.34375,
										0.6875
									]
								},
								"down": {
									"uv": [
										0.5,
										9.9375
									],
									"uv_size": [
										0.34375,
										-0.6875
									]
								}
							}
						}
					]
				},
				{
					"name": "fg_group2",
					"parent": "arm1_p2_fp",
					"pivot": [
						-9.15748,
						27.93847,
						-1.36583
					]
				},
				{
					"name": "fg4",
					"parent": "fg_group2",
					"pivot": [
						-10.65748,
						23.93847,
						-4.36583
					],
					"cubes": [
						{
							"origin": [
								6.97206,
								18.73767,
								-6.37561
							],
							"size": [
								0.36061,
								0.36061,
								1.32224
							],
							"pivot": [
								-2.80453,
								17.85618,
								-10.10194
							],
							"rotation": [
								2.5,
								0,
								-135
							],
							"uv": {
								"north": {
									"uv": [
										12.25,
										3
									],