{
	"format_version": "1.8.0",
	"animations": {
		"animation.coreblockstudios_mss.queenspider.leg_setup": {
			"loop": true,
			"bones": {
				"left_leg1": {
					"rotation": [-29.58936, 28.58588, 3.47634]
				},
				"left_leg3": {
					"rotation": [12.53303, -19.3147, 5.47667]
				},
				"right_leg2": {
					"rotation": [14.98885, 17.50441, -7.03784]
				},
				"left_leg4": {
					"rotation": [32.90714, -30.10269, -1.14913]
				},
				"right_leg4": {
					"rotation": [32.90714, 30.10265, 1.14908]
				},
				"right_leg1": {
					"rotation": [-24.54509, -29.0123, -6.09748]
				},
				"left_leg2": {
					"rotation": [0, 0, 5]
				},
				"right_leg3": {
					"rotation": [0, 0, -5]
				},
				"head": {
					"scale": 0.8
				},
				"left_lower1": {
					"rotation": [0, 0, 2.5]
				},
				"right_lower1": {
					"rotation": [0, 0, -2.5]
				}
			}
		},
		"animation.coreblockstudios_mss.queenspider.walk": {
			"loop": true,
			"animation_length": 1.5,
			"anim_time_update": "query.anim_time + query.delta_time * 2.5",
			"blend_weight": 0.95,
			"bones": {
				"left_leg1": {
					"rotation": {
						"0.0": [-60, 26.03148, -1.36209],
						"0.25": [-30, 26.03148, -1.36209],
						"0.5": [-30, 26.03148, -1.36209],
						"0.75": {
							"pre": [10.16354, 1.4311, -0.07488],
							"post": [10.16354, 1.4311, -0.07488],
							"lerp_mode": "catmullrom"
						},
						"1.0": [10.16354, 1.4311, -0.07488],
						"1.25": [-30, 26.03148, -1.36209],
						"1.5": [-60, 26.03148, -1.36209]
					},
					"position": {
						"0.0": [0, 0, -4],
						"0.25": [0, 0, 0],
						"0.5": [0, 0, 2],
						"0.75": {
							"pre": [0, 5, 2],
							"post": [0, 5, 2],
							"lerp_mode": "catmullrom"
						},
						"1.0": [0, 5, 0],
						"1.25": [0, 5, -4],
						"1.5": [0, 0, -4]
					}
				},
				"left_leg3": {
					"rotation": {
						"0.0": [-30, 26.03148, -1.36209],
						"0.25": [-15, 26.03148, -1.36209],
						"0.5": [-15, 26.03148, -1.36209],
						"0.75": {
							"pre": [30.16354, 1.4311, -0.07488],
							"post": [30.16354, 1.4311, -0.07488],
							"lerp_mode": "catmullrom"
						},
						"1.0": {
							"post": [30.16354, 1.4311, -0.07488],
							"lerp_mode": "catmullrom"
						},
						"1.25": [-15, 26.03148, -1.36209],
						"1.5": [-30, 26.03148, -1.36209]
					},
					"position": {
						"0.0": [0, 0, -2],
						"0.25": [0, 0, 0],
						"0.5": [0, 0, 1],
						"0.75": {
							"pre": [0, 2.5, 1],
							"post": [0, 2.5, 1],
							"lerp_mode": "catmullrom"
						},
						"1.0": [0, 2.5, 0],
						"1.25": [0, 2.5, -2],
						"1.5": [0, 0, -2]
					}
				},
				"right_leg2": {
					"rotation": {
						"0.0": [-17.196, 10.66249, -0.55791],
						"0.25": [-17.196, 10.66249, -0.55791],
						"0.5": [4.71537, 2.79511, -0.14625],
						"0.75": {
							"pre": [10.16354, 1.4311, -0.07488],
							"post": [10.16354, 1.4311, -0.07488],
							"lerp_mode": "catmullrom"
						},
						"1.0": [10.16354, 1.4311, -0.07488],
						"1.25": [-30, 26.03148, -1.36209],
						"1.5": [-17.196, 10.66249, -0.55791]
					},
					"position": {
						"0.0": [0, 0, -4],
						"0.25": [0, 0, 0],
						"0.5": [0, 0, 2],
						"0.75": {
							"pre": [0, 5, 2],
							"post": [0, 5, 2],
							"lerp_mode": "catmullrom"
						},
						"1.0": [0, 5, 0],
						"1.25": [0, 5, -4],
						"1.5": [0, 0, -4]
					}
				},
				"left_leg4": {
					"rotation": {
						"0.0": {
							"post": [10.16354, -1.4311, 0.07488],
							"lerp_mode": "catmullrom"
						},
						"0.25": [10.16354, -1.4311, 0.07488],
						"0.5": [-30, -26.03148, 1.36209],
						"0.75": [-60, -26.03148, 1.36209],
						"1.0": [-30, -26.03148, 1.36209],
						"1.25": [-30, -26.03148, 1.36209],
						"1.5": {
							"pre": [10.16354, -1.4311, 0.07488],
							"post": [10.16354, -1.4311, 0.07488],
							"lerp_mode": "catmullrom"
						}
					},
					"position": {
						"0.0": {
							"post": [0, 5, 2],
							"lerp_mode": "catmullrom"
						},
						"0.25": [0, 5, 0],
						"0.5": [0, 5, -4],
						"0.75": [0, 0, -4],
						"1.0": [0, 0, 0],
						"1.25": [0, 0, 2],
						"1.5": {
							"pre": [0, 5, 2],
							"post": [0, 5, 2],
							"lerp_mode": "catmullrom"
						}
					}
				},
				"right_leg4": {
					"rotation": {
						"0.0": {
							"post": [10.16354, -1.4311, 0.07488],
							"lerp_mode": "catmullrom"
						},
						"0.25": [10.16354, -1.4311, 0.07488],
						"0.5": [-30, -26.03148, 1.36209],
						"0.75": [-60, -26.03148, 1.36209],
						"1.0": [-30, -26.03148, 1.36209],
						"1.25": [-30, -26.03148, 1.36209],
						"1.5": {
							"pre": [10.16354, -1.4311, 0.07488],
							"post": [10.16354, -1.4311, 0.07488],
							"lerp_mode": "catmullrom"
						}
					},
					"position": {
						"0.0": {
							"post": [0, 5, 2],
							"lerp_mode": "catmullrom"
						},
						"0.25": [0, 5, 0],
						"0.5": [0, 5, -4],
						"0.75": [0, 0, -4],
						"1.0": [0, 0, 0],
						"1.25": [0, 0, 2],
						"1.5": {
							"pre": [0, 5, 2],
							"post": [0, 5, 2],
							"lerp_mode": "catmullrom"
						}
					}
				},
				"right_leg1": {
					"rotation": {
						"0.0": [-60, -26.03148, -1.36209],
						"0.25": [-30, -26.03148, -1.36209],
						"0.5": [-30, -26.03148, -1.36209],
						"0.75": {
							"pre": [10.16354, 1.4311, -0.07488],
							"post": [10.16354, 1.4311, -0.07488],
							"lerp_mode": "catmullrom"
						},
						"1.0": [10.16354, 1.4311, -0.07488],
						"1.25": [-30, -26.03148, -1.36209],
						"1.5": [-60, -26.03148, -1.36209]
					},
					"position": {
						"0.0": [0, 0, -4],
						"0.25": [0, 0, 0],
						"0.5": [0, 0, 2],
						"0.75": {
							"pre": [0, 5, 2],
							"post": [0, 5, 2],
							"lerp_mode": "catmullrom"
						},
						"1.0": [0, 5, 0],
						"1.25": [0, 5, -4],
						"1.5": [0, 0, -4]
					}
				},
				"left_leg2": {
					"rotation": {
						"0.0": {
							"post": [10.16354, -1.4311, 0.07488],
							"lerp_mode": "catmullrom"
						},
						"0.25": [10.16354, -1.4311, 0.07488],
						"0.5": [-30, -26.03148, 1.36209],
						"0.75": [-17.196, -10.66249, 0.55791],
						"1.0": [-17.196, -10.66249, 0.55791],
						"1.25": [4.71537, -2.79511, 0.14625],
						"1.5": {
							"pre": [10.16354, -1.4311, 0.07488],
							"post": [10.16354, -1.4311, 0.07488],
							"lerp_mode": "catmullrom"
						}
					},
					"position": {
						"0.0": {
							"post": [0, 5, 2],
							"lerp_mode": "catmullrom"
						},
						"0.25": [0, 5, 0],
						"0.5": [0, 5, -4],
						"0.75": [0, 0, -4],
						"1.0": [0, 0, 0],
						"1.25": [0, 0, 2],
						"1.5": {
							"pre": [0, 5, 2],
							"post": [0, 5, 2],
							"lerp_mode": "catmullrom"
						}
					}
				},
				"right_leg3": {
					"rotation": {
						"0.0": {
							"post": [30.16354, -1.4311, 0.07488],
							"lerp_mode": "catmullrom"
						},
						"0.25": {
							"post": [30.16354, -1.4311, 0.07488],
							"lerp_mode": "catmullrom"
						},
						"0.5": [-15, -26.03148, 1.36209],
						"0.75": [-30, -26.03148, 1.36209],
						"1.0": [-15, -26.03148, 1.36209],
						"1.25": [-15, -26.03148, 1.36209],
						"1.5": {
							"pre": [30.16354, -1.4311, 0.07488],
							"post": [30.16354, -1.4311, 0.07488],
							"lerp_mode": "catmullrom"
						}
					},
					"position": {
						"0.0": {
							"post": [0, 2.5, 1],
							"lerp_mode": "catmullrom"
						},
						"0.25": [0, 2.5, 0],
						"0.5": [0, 2.5, -2],
						"0.75": [0, 0, -2],
						"1.0": [0, 0, 0],
						"1.25": [0, 0, 1],
						"1.5": {
							"pre": [0, 2.5, 1],
							"post": [0, 2.5, 1],
							"lerp_mode": "catmullrom"
						}
					}
				},
				"head": {
					"rotation": {
						"0.0": {
							"post": [0.20208, 0.07353, -6.91314],
							"lerp_mode": "catmullrom"
						},
						"0.5": {
							"post": [-6.31408, 0, -1.74044],
							"lerp_mode": "catmullrom"
						},
						"1.0": {
							"post": [6.7486, 0, 0.03605],
							"lerp_mode": "catmullrom"
						},
						"1.5": {
							"post": [0.20208, 0.07353, -6.91314],
							"lerp_mode": "catmullrom"
						}
					},