{
  "format_version": "1.21.40",
  "minecraft:atmosphere_settings": {
    "description": {
      "identifier": "rg:atmospherics"
    },
    "sky_zenith_color": {
      "0.000000": [
        85.3958,
        171.9772,
        267.4175
      ],
      "0.100000": [
        80.1617,
        172.693,
        249.3593
      ],
      "0.150000": [
        81.1416,
        166.9409,
        261.6716
      ],
      "0.180000": [
        80.7067,
        172.2403,
        247.8238
      ],
      "0.190000": [
        85.5021,
        171.1327,
        266.5968
      ],
      "0.250000": [
        66.9642,
        117.8119,
        176.2521
      ],
      "0.225000": [
        81.8565,
        163.6442,
        255.5812
      ],
      "0.230000": [
        70.0363,
        121.2276,
        179.117
      ],
      "0.240000": [
        69.0014,
        113.2658,
        181.1445
      ],
      "0.700000": [
        4.1504,
        20.3214,
        42.94
      ],
      "0.710000": [
        0.0,
        41.9146,
        115.8064
      ],
      "0.725000": [
        0.0,
        40.3576,
        116.5291
      ],
      "0.730000": [
        0.0,
        41.0534,
        124.7052
      ],
      "0.740000": [
        72.1736,
        119.6148,
        168.6292
      ],
      "0.760000": [
        70.6552,
        117.7106,
        168.2307
      ],
      "0.780000": [
        71.7306,
        115.0725,
        176.0257
      ],
      "0.800000": [
        82.0759,
        161.0876,
        262.3963
      ]
    },
    "sky_horizon_color": {
      "0.000000": [
        933.3679,
        984.127,
        928.0708
      ],
      "0.150000": [
        948.8085,
        964.0423,
        913.2839
      ],
      "0.180000": [
        230.3684,
        200.0149,
        62.4739
      ],
      "0.190000": [
        235.5752,
        187.2983,
        63.6516
      ],
      "0.225000": [
        245.6896,
        180.8025,
        82.4386
      ],
      "0.230000": [
        264.9006,
        124.2169,
        26.2344
      ],
      "0.240000": [
        260.1408,
        129.4639,
        34.9586
      ],
      "0.250000": [
        58.9762,
        40.1905,
        0.0
      ],
      "0.260000": [
        48.3306,
        37.3588,
        0.0
      ],
      "0.270000": [
        47.6396,
        40.4209,
        0.0
      ],
      "0.300000": [
        0.0,
        156.6532,
        250.3318
      ],
      "0.600000": [
        0.0,
        166.3001,
        257.0916
      ],
      "0.690000": [
        0.0,
        157.9453,
        253.1623
      ],
      "0.700000": [
        50.8843,
        39.9703,
        0.0
      ],
      "0.710000": [
        49.112,
        37.1868,
        0.0
      ],
      "0.730000": [
        52.2007,
        38.9143,
        0.0
      ],
      "0.740000": [
        179.8944,
        118.3396,
        61.6608
      ],
      "0.750000": [
        250.4207,
        171.9176,
        125.8462
      ],
      "0.790000": [
        250.5036,
        223.7101,
        181.1339
      ],
      "0.800000": [
        954.941,
        979.058,
        921.6377
      ]
    },
    "rayleigh_strength": {
      "0.000000": 0.8,
      "0.250000": 0.531,
      "0.150000": 0.7854,
      "0.270000": 0.7819,
      "0.325000": 0.6037,
      "0.290000": 0.2493,
      "0.300000": 0.623,
      "0.350000": 0.6281,
      "0.500000": 0.6128,
      "0.600000": 0.4032,
      "0.700000": 1.067,
      "0.730000": 1.2896,
      "0.750000": 1.2344,
      "0.780000": 1.4164,
      "0.800000": 0.5987
    },
    "sun_mie_strength": {
      "0.295000": 5.1435,
      "0.000000": 2.0955,
      "0.250000": 8.5975,
      "0.270000": 3.0159,
      "0.290000": 2.8768,
      "0.300000": 0.0,
      "0.400000": 0.0,
      "0.500000": 4.8768,
      "0.740000": 8.2327,
      "0.750000": 5.1898,
      "0.800000": 1.9494,
      "1.000000": 2.0674
    },
    "moon_mie_strength": {
      "0.750000": 6.8482,
      "0.000000": 0.0,
      "0.250000": 0.3005,
      "0.300000": 8.4001,
      "0.350000": 5.3815,
      "0.730000": 0.0,
      "0.370000": 14.7543,
      "0.500000": 0.0,
      "0.800000": 0.0,
      "1.000000": 0.0
    },
    "sun_glare_shape": {
      "0.000000": 5.1582,
      "0.200000": 2.5943,
      "0.250000": 2.623,
      "0.270000": 5.2331,
      "0.300000": 1.2493,
      "0.400000": 2.8582,
      "0.350000": 1.6751,
      "0.500000": 4.1206,
      "0.750000": 4.8207,
      "0.800000": 6.9373
    },
    "horizon_blend_stops": {
      "min": {
        "0.000000": 0.4684,
        "0.250000": 0.5281,
        "0.100000": 0.2377,
        "0.190000": 0.7435,
        "0.280000": 0.1518,
        "0.200000": 0.5253,
        "0.270000": 0.2492,
        "0.300000": 0.4224,
        "0.400000": 0.4215,
        "0.500000": 0.3441,
        "0.600000": 0.3463,
        "0.650000": 0.2454,
        "0.680000": 0.0484,
        "0.750000": 0.3068,
        "0.760000": 0.396,
        "0.770000": 0.4412,
        "0.800000": 0.399
      },
      "start": {
        "0.000000": 0.4616,
        "0.280000": 0.4912,
        "0.200000": 0.4866,
        "0.150000": 0.8581,
        "0.190000": 0.8857,
        "0.250000": 0.7464,
        "0.300000": 0.3766,
        "0.500000": 0.5272,
        "0.600000": 0.6485,
        "0.680000": 0.0969,
        "0.720000": 0.3109,
        "0.750000": 0.5463,
        "0.760000": 0.4852,
        "0.770000": 0.5772,
        "0.800000": 0.3557
      },
      "mie_start": {
        "0.750000": 0.3048,
        "0.000000": 0.2168,
        "0.250000": 0.0973,
        "0.180000": 0.1012,
        "0.200000": 0.1473,
        "0.300000": 0.2498,
        "0.500000": 0.6075,
        "0.790000": 0.3062,
        "0.800000": 0.1232
      },
      "max": {
        "0.000000": 0.4808,
        "0.280000": 0.2998,
        "0.200000": 0.5547,
        "0.150000": 0.7949,
        "0.190000": 0.9859,
        "0.250000": 0.6267,
        "0.300000": 0.5458,
        "0.350000": 0.4905,
        "0.400000": 0.57,
        "0.500000": 0.6103,
        "0.680000": 0.2049,
        "0.720000": 0.4055,
        "0.750000": 0.403,
        "0.800000": 0.4788
      }
    }
  }
}