{
	"format_version": "1.8.0",
	"animations": {
		"animation.asteroid.falling": {
			"loop": "hold_on_last_frame",
			"animation_length": 30,
			"bones": {
				"main": {
					"rotation": {
						"0.0": [
							-15000,
							0,
							0
						],
						"30.0": [
							0,
							0,
							0
						]
					}
				},
				"root": {
					"rotation": {
						"0.0": [
							0,
							-1000,
							0
						],
						"30.0": [
							0,
							0,
							0
						]
					},
					"position": {
						"0.0": [
							0,
							75000,
							75000
						],
						"30.0": [
							0,
							32,
							0
						]
					},
					"scale": 1
				}
			}
		},
		"animation.asteroid.impact": {
			"loop": "hold_on_last_frame",
			"animation_length": 5,
			"bones": {
				"stone1": {
					"rotation": {
						"0.25": [
							"math.cos(-90+query.anim_time*2880)*0.1",
							"math.cos(query.anim_time*2880)*0.1",
							"math.cos(90+query.anim_time*2880)*0.1"
						],
						"0.75": [
							"math.cos(-90+query.anim_time*2880)*5",
							"math.cos(query.anim_time*2880)*5",
							"math.cos(90+query.anim_time*2880)*5"
						],
						"0.8333": [
							-4.1,
							-3.31,
							1.57
						],
						"1.375": [
							-2.59,
							-8.6,
							-16.36
						],
						"1.5833": [
							-2.27994,
							-9.68022,
							-20.01637
						],
						"1.9167": [
							-1.798,
							-8.9892,
							-27.54756
						]
					},
					"position": {
						"0.75": [
							0,
							0,
							0
						],
						"0.8333": [
							-7.31,
							5.56,
							0
						],
						"1.0": [
							-21.93,
							16.69,
							0
						],
						"1.375": [
							-62.84,
							-7.86,
							0
						],
						"1.5833": [
							-74,
							-14.55,
							0
						],
						"1.9167": [
							-74,
							-30.55,
							0
						],
						"3.8333": [
							-74,
							-108.55,
							0
						]
					},
					"scale": {
						"2.5": [
							1,
							1,
							1
						],
						"5.0": [
							0,
							0,
							0
						]
					}
				},
				"stone2": {
					"rotation": {
						"0.25": [
							"math.cos(-90+query.anim_time*2880)*0.1",
							"math.cos(query.anim_time*2880)*0.1",
							"math.cos(90+query.anim_time*2880)*0.1"
						],
						"0.75": [
							"math.cos(-90+query.anim_time*2880)*5",
							"math.cos(query.anim_time*2880)*5",
							"math.cos(90+query.anim_time*2880)*5"
						],
						"0.8333": [
							-4.53,
							-0.05,
							9.98
						],
						"1.5833": [
							-6.34383,
							21.97957,
							60.79946
						],
						"1.9167": [
							-6.09039,
							22.38026,
							68.38077
						]
					},
					"position": {
						"0.75": [
							0,
							0,
							0
						],
						"0.8333": [
							17.67,
							6.31,
							-7.83
						],
						"1.0": [
							53,
							18.93,
							-23.5
						],
						"1.5833": [
							106,
							-44.15,
							-47
						],
						"1.9167": [
							106,
							-53.15,
							-47
						],
						"3.8333": [
							106,
							-139.15,
							-47
						]
					},
					"scale": {
						"2.5": [
							1,
							1,
							1
						],
						"5.0": [
							0,
							0,
							0
						]
					}
				},
				"stone3": {
					"rotation": {
						"0.25": [
							"math.cos(-90+query.anim_time*2880)*0.1",
							"math.cos(query.anim_time*2880)*0.1",
							"math.cos(90+query.anim_time*2880)*0.1"
						],
						"0.75": [
							"math.cos(-90+query.anim_time*2880)*5",
							"math.cos(query.anim_time*2880)*5",
							"math.cos(90+query.anim_time*2880)*5"
						],
						"0.8333": [
							-1.83,
							-1.95,
							5.87
						],
						"1.375": [
							14.42,
							1.63,
							15.87
						],
						"1.5833": [
							17.73335,
							2.36158,
							17.90802
						],
						"1.9167": [
							27.46563,
							0.20239,
							17.30096
						]
					},
					"position": {
						"0.75": [
							0,
							0,
							0
						],
						"0.8333": [
							-1.83,
							11,
							-12.83
						],
						"1.0": [
							-5.5,
							33,
							-38.5
						],
						"1.375": [
							-9.82,
							-0.79,
							-68.75
						],
						"1.5833": [
							-11,
							-10,
							-77
						],
						"1.9167": [
							-11,
							-24.7,
							-77
						],
						"3.8333": [
							-11,
							-107,
							-77
						]
					},
					"scale": {
						"2.5": [
							1,
							1,
							1
						],
						"5.0": [
							0,
							0,
							0
						]
					}
				},
				"stone4": {
					"rotation": {
						"0.25": [
							"math.cos(-90+query.anim_time*2880)*0.1",
							"math.cos(query.anim_time*2880)*0.1",
							"math.cos(90+query.anim_time*2880)*0.1"
						],
						"0.75": [
							"math.cos(-90+query.anim_time*2880)*5",
							"math.cos(query.anim_time*2880)*5",
							"math.cos(90+query.anim_time*2880)*5"
						],
						"0.8333": [
							-3.99,
							-3.26,
							7.53
						],
						"1.375": [
							-1.75,
							-8.19,
							28.32
						],
						"1.5833": [
							-1.29942,
							-9.19039,
							32.5563
						],
						"1.9167": [
							-2.88759,
							-8.82412,
							42.6747
						]
					},
					"position": {
						"0.75": [
							0,
							0,
							0
						],
						"0.8333": [
							2.67,
							1.03,
							2.07
						],
						"1.0": [
							8,
							3.09,
							6.22
						],
						"1.375": [
							22.93,
							-20.32,
							17.83
						],
						"1.5833": [
							27,
							-26.7,
							21
						],
						"1.9167": [
							27,
							-31.7,
							21
						],
						"3.8333": [
							27,
							-103.7,
							21
						]
					},
					"scale": {
						"2.5": [
							1,
							1,
							1
						],
						"5.0": [
							0,
							0,
							0
						]
					}
				},
				"stone5": {
					"rotation": {
						"0.25": [
							"math.cos(-90+query.anim_time*2880)*0.1",
							"math.cos(query.anim_time*2880)*0.1",
							"math.cos(90+query.anim_time*2880)*0.1"
						],
						"0.75": [
							"math.cos(-90+query.anim_time*2880)*5",
							"math.cos(query.anim_time*2880)*5",
							"math.cos(90+query.anim_time*2880)*5"
						],
						"0.8333": [
							-1.84,
							-6.77,
							8.54
						],
						"1.25": [
							10.62611,
							-28.13495,
							29.60421
						],
						"1.7917": [
							22.69994,
							-37.70416,
							33.64049
						]
					},
					"position": {
						"0.75": [
							0,
							0,
							0
						],
						"0.8333": [
							4.66,
							-0.83,
							-19.25
						],
						"0.9167": [
							9.31,
							-1.66,
							-38.5
						],
						"1.25": [
							18.625,
							-47.325,
							-77
						],
						"5.0": [
							18.63,
							-122.32,
							-77
						]
					},
					"scale": {
						"2.5": [
							1,
							1,
							1
						],
						"5.0": [
							0,
							0,
							0
						]
					}
				},
				"stone6": {
					"rotation": {
						"0.25": [
							"math.cos(-90+query.anim_time*2880)*0.1",
							"math.cos(query.anim_time*2880)*0.1",
							"math.cos(90+query.anim_time*2880)*0.1"
						],
						"0.75": [
							"math.cos(-90+query.anim_time*2880)*5",
							"math.cos(query.anim_time*2880)*5",
							"math.cos(90+query.anim_time*2880)*5"
						],
						"0.8333": [
							-6.37,
							-2.68,
							-5.93
						],
						"1.25": [
							-16.59358,
							-3.57547,
							-57.24575
						],
						"1.7917": [
							-24.21047,
							-14.67909,
							-74.52252
						]
					},
					"position": {
						"0.75": [
							0,
							0,
							0
						],
						"0.8333": [
							-30.18,
							-2.2,
							17.87
						],
						"0.9167": [
							-60.36,
							-4.39,
							35.74
						],
						"1.25": [
							-120.725,
							-62.775,
							71.475
						],
						"5.0": [
							-120.72,
							-152.78,
							71.47
						]
					},
					"scale": {
						"2.5": [
							1,
							1,
							1
						],
						"5.0": [
							0,
							0,
							0
						]
					}
				},
				"stone7": {
					"rotation": {
						"0.25": [
							"math.cos(-90+query.anim_time*2880)*0.1",
							"math.cos(query.anim_time*2880)*0.1",
							"math.cos(90+query.anim_time*2880)*0.1"
						],