{
    "format_version": "1.21.40",
    "minecraft:atmosphere_settings": {
        "description": {
            "identifier": "ale:cherry_atmosphere"
        },
        "sky_zenith_color": {
      "0.000000": [215, 110, 140],
      "0.215000": [185,140,150],
      "0.300000": [4, 24,71],
      "0.700000": [4, 24,71],
      "0.710000": [182, 0, 255],
      "0.720000": [182, 0, 255 ],
      "0.730000": [182, 0, 255 ],
      "0.740000": [182, 0, 255 ],
      "0.770000": [182, 0, 255 ],
      "0.827000": [215, 110, 140]
    },
    "sky_horizon_color": {
      "0.000000": [257, 190, 221],
      "0.215000": [ 255,10,70],
      "0.230000": [255,160,80],
      "0.240000": [255,140,40],
      "0.250000": [255,140,40],
      "0.260000": [91,49,35],
      "0.270000": [91,49,35],
      "0.300000": [32,72,110],
      "0.600000": [19,36,59],
      "0.690000": [15,35,55],
      "0.740000": [ 255,130,80],
      "0.770000": [ 255,140,80],
      "0.827000": [257, 190, 221]
    },
    "rayleigh_strength": {
      "0.000000": 1.5,
      "0.215000": 2.1,
      "0.500000": 1.2,
      "0.680000": 1.2,
      "0.740000": 0.8,
      "0.770000": 2.8,
      "0.800000": 1.5
    },
    "sun_mie_strength": {
      "0.295000": 0,
      "0.000000": 0,
      "0.215000": 0,
      "0.250000": 0,
      "0.270000": 0,
      "0.290000": 0,
      "0.300000": 0,
      "0.400000": 0,
      "0.500000": 0,
      "0.740000": 0,
      "0.780000": 0,
      "0.800000": 0,
      "1.000000": 0
    },
    "moon_mie_strength": {
      "0.750000": 7,
      "0.000000": 0,
      "0.250000": 0.30000001192092896,
      "0.300000": 2.480000019073486,
      "0.350000": 2.440000057220459,
      "0.730000": 0,
      "0.370000": 14.140000343322754,
      "0.500000": 0,
      "0.800000": 0,
      "1.000000": 0
    },
    "sun_glare_shape": {
      "0.000000": 5,
      "0.200000": 2.5,
      "0.250000": 2.5,
      "0.270000": 5,
      "0.300000": 5.2000000476837158,
      "0.400000": 3,
      "0.350000": 5.649999976158142,
      "0.500000": 4,
      "0.740000": 5,
      "0.800000": 7.199999809265137
    },
    "horizon_blend_stops": {
      "min": {
        "0.000000": 0.484,
        "0.215000": 0.2,
        "0.270000": 0.25,
        "0.300000": 0.4429999887943268,
        "0.400000": 0.4339999854564667,
        "0.500000": 0.3499999940395355,
        "0.600000": 0.3499999940395355,
        "0.650000": 0.25,
        "0.680000": 0.05000000074505806,
        "0.740000": 0.41,
        "0.780000": 0.41,
        "0.800000": 0.392
      },
      "start": {
        "0.000000": 0.452,
        "0.215000": 0.76,
        "0.250000": 0.7229999899864197,
        "0.280000": 0.48399999737739563,
        "0.300000": 0.375,
        "0.500000": 0.5109999775886536,
        "0.600000": 0.6230000257492065,
        "0.680000": 0.10000000149011612,
        "0.740000": 0.9,
        "0.780000": 0.9,
        "0.800000": 0.7
      },
      "mie_start": {
        "0.750000": 0.3192000091075897,
        "0.000000": 0.21000000149011612,
        "0.250000": 0.10000000149011612,
        "0.180000": 0.10000000149011612,
        "0.215000": 0.12,
        "0.300000": 0.2484000027179718,
        "0.500000": 0.5916000008583069,
        "0.740000": 0.12,
        "0.800000": 0.11800000071525574
      },
      "max": {
        "0.000000": 0.484,
        "0.215000": 0.53,
        "0.250000": 0.6000000238418579,
        "0.300000": 0.5199999809265137,
        "0.350000": 0.49300000071525574,
        "0.400000": 0.5929999947547913,
        "0.500000": 0.5929999947547913,
        "0.680000": 0.20000000298023224,
        "0.740000": 0.55,
        "0.780000": 0.55,
        "0.800000": 0.44
      }
        }
    }
}
