{
    "format_version": "1.21.40",
    "minecraft:atmosphere_settings": {
        "description": {
            "identifier": "ale:forest_atmosphere"
        },
"sky_zenith_color": {
            "0.000000": [100, 160, 240],
            "0.215000": [100, 160, 240],
            "0.300000": [5, 22, 88],
            "0.694000": [5, 22, 88],
            "0.740000": [70, 90, 105],
            "0.770000": [10, 135, 185],
            "0.827000": [10, 130, 220]
        },
        "sky_horizon_color": {
            "0.000000": [210, 235, 240],
            "0.215000": [255, 130, 90],
            "0.300000": [15, 65, 185],
            "0.694000": [15, 65, 185],
            "0.740000": [255, 130, 60],
            "0.770000": [255, 130, 60],
            "0.827000": [210, 235, 240]
        },
        "rayleigh_strength": {
            "0.000000": 1.1,
            "0.215000": 0.5,
            "0.300000": 0.9,
            "0.694200": 0.9,
            "0.740000": 0.2,
            "0.770000": 1.3,
            "0.800000": 0.7
        },
        "sun_mie_strength": {
            "0.000000": 0.2,
            "0.215000": 0.2,
            "0.295000": 0.2,
            "0.300000": 0,
            "0.400000": 0,
            "0.500000": 0,
            "0.740000": 0.2,
            "0.780000": 0.2,
            "0.800000": 0.2,
            "1.000000": 0.2
        },
        "moon_mie_strength": {
            "0.000000": 0,
            "0.250000": 2.2,
            "0.300000": 2.2,
            "0.350000": 2.2,
            "0.500000": 0,
            "0.730000": 0,
            "0.800000": 0,
            "1.000000": 0
        },
        "sun_glare_shape": {
            "0.000000": 5,
            "0.200000": 2.5,
            "0.250000": 2.5,
            "0.270000": 10,
            "0.740000": 5,
            "0.800000": 7.2
        },
        "horizon_blend_stops": {
            "min": {
                "0.000000": 0.484,
                "0.215000": 0.38,
                "0.270000": 0.25,
                "0.300000": 0.443,
                "0.400000": 0.434,
                "0.500000": 0.35,
                "0.600000": 0.35,
                "0.650000": 0.25,
                "0.680000": 0.05,
                "0.740000": 0.41,
                "0.780000": 0.41,
                "0.800000": 0.392
            },
            "start": {
                "0.000000": 0.452,
                "0.215000": 0.76,
                "0.250000": 0.723,
                "0.280000": 0.484,
                "0.300000": 0.375,
                "0.500000": 0.511,
                "0.600000": 0.623,
                "0.680000": 0.1,
                "0.740000": 0.9,
                "0.780000": 0.9,
                "0.800000": 0.7
            },
            "mie_start": {
                "0.750000": 0.319,
                "0.000000": 0.21,
                "0.250000": 0.1,
                "0.180000": 0.1,
                "0.215000": 0.12,
                "0.300000": 0.248,
                "0.500000": 0.592,
                "0.740000": 0.12,
                "0.800000": 0.31
            },
            "max": {
                "0.000000": 0.484,
                "0.215000": 0.33,
                "0.250000": 0.6,
                "0.300000": 0.52,
                "0.350000": 0.493,
                "0.400000": 0.593,
                "0.500000": 0.593,
                "0.680000": 0.2,
                "0.740000": 0.55,
                "0.780000": 0.55,
                "0.800000": 0.44
            }
        }
    }
}

