{
    "format_version": "1.21.40",
    "minecraft:atmosphere_settings": {
        "description": {
            "identifier": "ale:swamp_atmosphere"
        },
        "sky_zenith_color": {
      "0.000000": [30, 109, 62],
      "0.100000": [30, 109, 62],
      "0.150000": [30, 109, 62],
      "0.180000": [30, 109, 62],
      "0.190000": [30, 109, 62],
      "0.200000": [30, 109, 62],
      "0.220000": [30, 109, 62],
      "0.230000": [0,110,100],
      "0.240000": [0,110,100],
      "0.250000": [4, 255,71],
      "0.700000": [4, 255,71],
      "0.710000": [4, 255,71],
      "0.720000": [4, 255,71],
      "0.730000": [4, 255,71],
      "0.740000": [155, 175, 120],
      "0.780000": [185, 225, 160],
      "0.800000": [185, 215, 140]
    },
    "sky_horizon_color": {
      "0.000000": [10, 119, 62],
      "0.150000": [10, 119, 62],
      "0.180000": [10, 119, 62],
      "0.190000": [10, 119, 62],
      "0.220000": [10, 119, 62],
      "0.230000": [255,160,80],
      "0.240000": [255,140,40],
      "0.250000": [255,140,40],
      "0.260000": [91,49,35],
      "0.270000": [91,49,35],
      "0.300000": [32,72,110],
      "0.600000": [19,36,59],
      "0.690000": [15,35,55],
      "0.700000": [91,49,35],
      "0.710000": [91,49,35],
      "0.730000": [91,49,35],
      "0.740000": [187,124,64],
      "0.750000": [248,174,121],
      "0.790000": [243,223,176],
      "0.800000": [235, 215, 167]
    },
    "rayleigh_strength": {
      "0.000000": 1.1,
      "0.200000": 1.1769999999999998,
      "0.150000": 0.7919999999999999,
      "0.250000": 1.1,
      "0.600000": 1.1,
      "0.700000": 1.0500000238418579,
      "0.730000": 1.265,
      "0.750000": 1.265,
      "0.780000": 1.3769999999999998,
      "0.800000": 0.65
    },
    "sun_mie_strength": {
      "0.295000": 15,
      "0.000000": 12,
      "0.200000": 19,
      "0.250000": 19,
      "0.270000": 13,
      "0.290000": 13,
      "0.300000": 0,
      "0.400000": 0,
      "0.500000": 15,
      "0.740000": 18,
      "0.750000": 15,
      "0.800000": 2,
      "1.000000": 12
    },
    "moon_mie_strength": {
      "0.750000": 7,
      "0.000000": 0,
      "0.250000": 0.30000001192092896,
      "0.300000": 2.480000019073486,
      "0.350000": 2.440000057220459,
      "0.730000": 0,
      "0.370000": 14.140000343322754,
      "0.500000": 0,
      "0.800000": 0,
      "1.000000": 0
    },
    "sun_glare_shape": {
      "0.000000": 5,
      "0.200000": 2.5,
      "0.250000": 2.5,
      "0.270000": 5,
      "0.300000": 5.2000000476837158,
      "0.400000": 3,
      "0.350000": 5.649999976158142,
      "0.500000": 4,
      "0.750000": 5,
      "0.800000": 7.199999809265137
    },
    "horizon_blend_stops": {
      "min": {
        "0.000000": 0.484,
        "0.250000": 0.5109999775886536,
        "0.100000": 0.25,
        "0.190000": 0.75,
        "0.280000": 0.15000000596046448,
        "0.200000": 0.5109999775886536,
        "0.270000": 0.25,
        "0.300000": 0.4429999887943268,
        "0.400000": 0.4339999854564667,
        "0.500000": 0.3499999940395355,
        "0.600000": 0.3499999940395355,
        "0.650000": 0.25,
        "0.680000": 0.05000000074505806,
        "0.750000": 0.3100000023841858,
        "0.760000": 0.4109999775886536,
        "0.770000": 0.4499999940395355,
        "0.800000": 0.392
      },
      "start": {
        "0.000000": 0.452,
        "0.280000": 0.48399999737739563,
        "0.200000": 0.48399999737739563,
        "0.150000": 0.8529999852180481,
        "0.190000": 0.9100000262260437,
        "0.250000": 0.7229999899864197,
        "0.300000": 0.375,
        "0.500000": 0.5109999775886536,
        "0.600000": 0.6230000257492065,
        "0.680000": 0.10000000149011612,
        "0.720000": 0.30000001192092896,
        "0.750000": 0.5529999732971191,
        "0.760000": 0.48399999737739563,
        "0.770000": 0.5830000042915344,
        "0.800000": 0.3080000078678131
      },
      "mie_start": {
        "0.750000": 0.3192000091075897,
        "0.000000": 0.21000000149011612,
        "0.250000": 0.10000000149011612,
        "0.180000": 0.10000000149011612,
        "0.200000": 0.15000000596046448,
        "0.300000": 0.2484000027179718,
        "0.500000": 0.5916000008583069,
        "0.790000": 0.29760000109672546,
        "0.800000": 0.11800000071525574
      },
      "max": {
        "0.000000": 0.484,
        "0.280000": 0.30000001192092896,
        "0.200000": 0.5609999895095825,
        "0.150000": 0.800000011920929,
        "0.190000": 1,
        "0.250000": 0.6000000238418579,
        "0.300000": 0.5199999809265137,
        "0.350000": 0.49300000071525574,
        "0.400000": 0.5929999947547913,
        "0.500000": 0.5929999947547913,
        "0.680000": 0.20000000298023224,
        "0.720000": 0.4000000059604645,
        "0.750000": 0.4209999895095825,
        "0.800000": 0.50
      }
        }
    }
}
