{
	"format_version": "1.8.0",
	"animations": {
		"animation.ditto_fp": {
			"loop": true,
			"animation_length": 1.5,
			"override_previous_animation": false,
			"bones": {
				"rightarm_fp": {
					"scale": 2,
					"rotation": {
						"0.0": [
							0,
							0,
							0
						],
						"0.75": [
							-7.54282,
							3.22147,
							8.82824
						],
						"1.5": [
							0,
							0,
							0
						]
					}
				},
				"rightarm_p3": {
					"rotation": {
						"0.0": [
							0,
							0,
							0
						],
						"1.5": [
							0,
							0,
							0
						]
					}
				},
				"fg1": {
					"rotation": {
						"0.0": [
							0,
							0,
							0
						],
						"0.75": [
							0,
							0,
							-30
						],
						"1.5": [
							0,
							0,
							0
						]
					}
				},
				"fg2": {
					"rotation": {
						"0.0": [
							0,
							0,
							0
						],
						"0.75": [
							0,
							0,
							20
						],
						"1.5": [
							0,
							0,
							0
						]
					}
				},
				"fg5": {
					"rotation": {
						"0.0": [
							0,
							0,
							0
						],
						"0.75": [
							0,
							0,
							20
						],
						"1.5": [
							0,
							0,
							0
						]
					}
				},
				"fg3": {
					"rotation": {
						"0.0": [
							0,
							0,
							0
						],
						"0.75": [
							0,
							0,
							20
						],
						"1.5": [
							0,
							0,
							0
						]
					}
				}
			}
		},
		"animation.ditto_attacking_fp": {
			"loop": true,
			"animation_length": 0.375,
			"override_previous_animation": true,
			"bones": {
				"rightarm_fp": {
					"rotation": {
						"0.0": [
							40.08955,
							23.17928,
							-13.51165
						],
						"0.125": [
							-7.41045,
							23.17928,
							-13.51165
						]
					},
					"position": {
						"0.0": [
							0,
							2,
							0
						],
						"0.125": [
							1,
							-2,
							-2
						]
					}
				},
				"rightarm_p3": {
					"rotation": {
						"0.0": [
							-35,
							0,
							0
						],
						"0.1667": [
							-15.22074,
							-9.65594,
							2.61298
						]
					}
				},
				"fg1": {
					"rotation": {
						"0.0": [
							-9.07947,
							4.20854,
							24.66569
						],
						"0.375": [
							-15.95862,
							5.35355,
							32.10382
						]
					}
				},
				"fg2": {
					"rotation": [
						0,
						0,
						-20
					]
				},
				"fg5": {
					"rotation": [
						0,
						0,
						-20
					]
				},
				"fg3": {
					"rotation": [
						0,
						0,
						-20
					]
				}
			}
		},
		"animation.ditto_idle": {
			"loop": true,
			"animation_length": 1.5,
			"bones": {
				"arm2": {
					"rotation": {
						"0.0": [
							0,
							0,
							0
						],
						"0.75": [
							2.5,
							0,
							-5
						],
						"1.5": [
							0,
							0,
							0
						]
					}
				},
				"arm2_p2": {
					"rotation": {
						"0.0": [
							0,
							0,
							0
						],
						"0.75": [
							-15,
							0,
							0
						],
						"1.5": [
							0,
							0,
							0
						]
					}
				},
				"arm1": {
					"rotation": {
						"0.0": [
							0,
							0,
							0
						],
						"0.75": [
							0,
							0,
							5
						],
						"1.5": [
							0,
							0,
							0
						]
					}
				},
				"arm1_p2": {
					"rotation": {
						"0.0": [
							0,
							0,
							0
						],
						"0.75": [
							-10,
							0,
							0
						],
						"1.5": [
							0,
							0,
							0
						]
					}
				},
				"tail": {
					"rotation": {
						"0.0": [
							12.5,
							0,
							0
						],
						"0.5": [
							-12.5,
							0,
							0
						],
						"1.0": [
							12.5,
							0,
							0
						]
					}
				},
				"fg1": {
					"rotation": {
						"0.0": [
							0,
							0,
							0
						],
						"0.75": [
							0,
							0,
							-20
						],
						"1.5": [
							0,
							0,
							0
						]
					}
				},
				"fg2": {
					"rotation": {
						"0.0": [
							0,
							0,
							0
						],
						"0.75": [
							0,
							0,
							10
						],
						"1.5": [
							0,
							0,
							0
						]
					}
				},
				"fg3": {
					"rotation": {
						"0.0": [
							0,
							0,
							0
						],
						"0.75": [
							0,
							0,
							10
						],
						"1.5": [
							0,
							0,
							0
						]
					}
				},
				"fg4": {
					"rotation": {
						"0.0": [
							0,
							0,
							0
						],
						"0.75": [
							0,
							0,
							10
						],
						"1.5": [
							0,
							0,
							0
						]
					}
				},
				"fg5": {
					"rotation": {
						"0.0": [
							0,
							0,
							0
						],
						"0.75": [
							0,
							0,
							20
						],
						"1.5": [
							0,
							0,
							0
						]
					}
				},
				"upperbody": {
					"rotation": {
						"0.0": [
							0,
							0,
							0
						],
						"0.75": [
							2.5,
							0,
							0
						],
						"1.5": [
							0,
							0,
							0
						]
					}
				},
				"fg6": {
					"rotation": {
						"0.0": [
							0,
							0,
							0
						],
						"0.75": [
							0,
							0,
							-10
						],
						"1.5": [
							0,
							0,
							0
						]
					}
				},
				"fg7": {
					"rotation": {
						"0.0": [
							0,
							0,
							0
						],
						"0.75": [
							0,
							0,
							-10
						],
						"1.5": [
							0,
							0,
							0
						]
					}
				},
				"fg8": {
					"rotation": {
						"0.0": [
							0,
							0,
							0
						],
						"0.75": [
							0,
							0,
							-10
						],
						"1.5": [
							0,
							0,
							0
						]
					}
				}
			}
		},
		"animation.ditto_sneaking": {
			"loop": true,
			"animation_length": 0.5,
			"bones": {
				"upperbody": {
					"rotation": [
						27.5,
						0,
						0
					]
				},
				"arm1": {
					"rotation": [
						11.93845,
						-3.73171,
						17.10967
					]
				},
				"arm1_p2": {
					"rotation": [
						-78.7014,
						-9.91545,
						23.27555
					]
				},
				"arm2": {
					"rotation": [
						11.93845,
						3.73171,
						-17.10967
					]
				},
				"arm2_p2": {
					"rotation": [
						-75.24765,
						15.7627,
						-19.65736
					]
				},
				"leg1": {
					"rotation": [
						-54.97528,
						1.34295,
						2.10886
					]
				},
				"leg1_p2": {
					"rotation": [
						62.5,
						0,
						0
					],
					"position": [
						0,
						0,
						-1
					]
				},
				"leg2": {
					"rotation": [
						17.59891,
						-2.68407,
						-4.22005
					]
				},
				"leg2_p2": {
					"rotation": [
						75,
						0,
						0
					]
				},
				"fullbody": {
					"position": [
						0,
						-3,
						0
					]
				}
			}
		},
		"animation.ditto_jumping": {
			"loop": true,
			"animation_length": 0.5,
			"bones": {
				"upperbody": {
					"rotation": [
						12.5,
						0,
						0
					]
				},
				"arm1": {
					"rotation": [
						12.39638,
						-1.61888,
						7.32417
					]
				},
				"arm1_p2": {
					"rotation": [
						-53.34004,
						-17.26588,
						21.741
					]
				},
				"arm2": {
					"rotation": [
						12.39638,
						1.61888,
						-7.32417
					]
				},
				"arm2_p2": {
					"rotation": [
						-52.74765,
						15.7627,
						-19.65736
					]
				},
				"leg1": {
					"rotation": [
						-32.47528,
						1.34295,
						2.10886
					]
				},
				"leg1_p2": {
					"rotation": [
						70,
						0,
						0
					]
				},
				"leg2": {
					"rotation": [
						-32.40109,
						-2.68407,
						-4.22005
					]
				},
				"leg2_p2": {
					"rotation": [
						70,
						0,
						0
					]
				}
			}
		},
		"animation.ditto_moving": {
			"loop": true,
			"animation_length": 0.6667,
			"override_previous_animation": true,
			"bones": {
				"upperbody": {
					"rotation": [
						2.5,
						0,
						0
					]
				},
				"arm1": {
					"rotation": {
						"0.0": [
							-22.32648,
							2.86313,
							1.93488
						],
						"0.3333": [
							34.76905,
							-4.29357,
							1.15518
						],
						"0.6667": [
							-22.32648,
							2.86313,
							1.93488
						]
					}
				},